tau,w_c,v_c
  0.0000000000000000E+00,  0.0000000000000000E+00,  7.7847948342038309E-01
  8.0000000000000002E-03,  5.7813770950251907E-03,  6.3021777798559131E-01
  1.6000000000000000E-02,  1.0202848543047828E-02,  5.0761386092237304E-01
  2.4000000000000000E-02,  1.4161951077414477E-02,  4.7511025321209271E-01
  3.2000000000000001E-02,  1.7688495410196039E-02,  4.1311738941614917E-01
  4.0000000000000001E-02,  2.0957270596280355E-02,  4.0593738856462031E-01
  4.8000000000000001E-02,  2.4041478089285192E-02,  3.5903883933375236E-01
  5.6000000000000001E-02,  2.6828368583353666E-02,  3.5156189611883298E-01
  6.4000000000000001E-02,  2.9700408999954422E-02,  3.5513995342724830E-01
  7.1999999999999995E-02,  3.2329099637274039E-02,  2.9910853169138424E-01
  8.0000000000000002E-02,  3.4574631322006305E-02,  2.7198792840349428E-01
  8.7999999999999995E-02,  3.6841059232166434E-02,  3.0254090228978731E-01
  9.6000000000000002E-02,  3.9409757996040441E-02,  3.2958366215142554E-01
  1.0400000000000000E-01,  4.1954087600367229E-02,  3.0558896790458739E-01
  1.1200000000000000E-01,  4.4396862075276433E-02,  3.0605933828911708E-01
  1.2000000000000000E-01,  4.6641634848311866E-02,  2.3860121467110071E-01
  1.2800000000000000E-01,  4.8265764467520303E-02,  1.9150802297392724E-01
  1.3600000000000001E-01,  5.0001650147839631E-02,  2.3756202783413463E-01
  1.4399999999999999E-01,  5.1722612899451369E-02,  1.7603886545554404E-01
  1.5200000000000000E-01,  5.2906151820775058E-02,  1.3869573636267088E-01
  1.6000000000000000E-01,  5.4125837978133688E-02,  1.6799611806586628E-01
  1.6800000000000001E-01,  5.5646012069602062E-02,  2.1965572455075397E-01
  1.7599999999999999E-01,  5.7644149369260364E-02,  2.6578716518590872E-01
  1.8400000000000000E-01,  5.9605636430046918E-02,  2.1606485741699247E-01
  1.9200000000000000E-01,  6.1201162676114876E-02,  1.9393480061186436E-01
  2.0000000000000001E-01,  6.2765729867098580E-02,  1.9551379708888617E-01
  2.0799999999999999E-01,  6.4358174444977531E-02,  2.0746509116801337E-01
  2.1600000000000000E-01,  6.6103659323279412E-02,  2.2734619394658734E-01
  2.2400000000000000E-01,  6.8088289621203890E-02,  2.8269576589932721E-01
  2.3200000000000001E-01,  7.0698456218686867E-02,  3.5341853366895287E-01
  2.3999999999999999E-01,  7.3331326404277725E-02,  2.9189077152173576E-01
  2.4800000000000000E-01,  7.5568699641711409E-02,  2.8852619363343451E-01
  2.5600000000000001E-01,  7.7919033457711687E-02,  2.7449913482125898E-01
  2.6400000000000001E-01,  7.9726243237601940E-02,  1.9028208215120571E-01
  2.7200000000000002E-01,  8.1373409912011224E-02,  2.3389898900454462E-01
  2.8000000000000003E-01,  8.3252757646592027E-02,  2.1308157617032616E-01
  2.8799999999999998E-01,  8.4685033241064578E-02,  1.5455109339208961E-01
  2.9599999999999999E-01,  8.5809396359707552E-02,  1.2179805355774150E-01
  3.0399999999999999E-01,  8.6636578120149979E-02,  1.0084492395295534E-01
  3.1200000000000000E-01,  8.7776886923840808E-02,  1.9471078805780573E-01
  3.2000000000000001E-01,  8.9547156718720849E-02,  2.2179405546748679E-01
  3.2800000000000001E-01,  9.1076279449807535E-02,  1.6367841518467163E-01
  3.3600000000000002E-01,  9.2432764625205333E-02,  1.9567058335110177E-01
  3.4399999999999997E-01,  9.4359711324541559E-02,  2.7909899329117610E-01
  3.5199999999999998E-01,  9.6588934629532788E-02,  2.5889653331656026E-01
  3.5999999999999999E-01,  9.8475810436889313E-02,  2.2792243693599060E-01
  3.6799999999999999E-01,  1.0039758078315696E-01,  2.4460615842916389E-01
  3.7600000000000000E-01,  1.0210944223333605E-01,  1.7461217208216545E-01
  3.8400000000000001E-01,  1.0334464097552934E-01,  1.4855407236220655E-01
  3.9200000000000002E-01,  1.0445907220502755E-01,  1.1708111629980916E-01
  4.0000000000000002E-01,  1.0526279525739746E-01,  1.1015515596565431E-01
  4.0799999999999997E-01,  1.0662153116522118E-01,  2.2975054741396661E-01
  4.1599999999999998E-01,  1.0854156650030850E-01,  2.2324866082931680E-01
  4.2399999999999999E-01,  1.1010381546781861E-01,  1.7520099151884030E-01
  4.3200000000000000E-01,  1.1129003970910226E-01,  1.0462755282178204E-01
  4.4000000000000000E-01,  1.1167721021357443E-01,  9.3742384496962906E-03
  4.4800000000000001E-01,  1.1187672765843985E-01,  5.6485353691622810E-02
  4.5600000000000002E-01,  1.1246430801612081E-01,  7.0874951314619919E-02
  4.6400000000000002E-01,  1.1282174622807910E-01,  1.7542173226264415E-02
  4.7199999999999998E-01,  1.1281373997260043E-01, -1.1867287418851711E-02
  4.7999999999999998E-01,  1.1279940357355343E-01,  1.6056044622387022E-02
  4.8799999999999999E-01,  1.1296205721136698E-01,  4.1230867157540495E-03
  4.9600000000000000E-01,  1.1264823700483030E-01, -7.5576597786557537E-02
  5.0400000000000000E-01,  1.1209243979488649E-01, -4.6181711873549650E-02
  5.1200000000000001E-01,  1.1188876505008230E-01, -1.6523621105418489E-02
  5.2000000000000002E-01,  1.1174378684757025E-01, -1.8891014521496143E-02
  5.2800000000000002E-01,  1.1148370073213262E-01, -6.1290699579396535E-02
  5.3600000000000003E-01,  1.1066700428731549E-01, -1.2911817094737146E-01
  5.4400000000000004E-01,  1.0975385883504873E-01, -9.1247354764254524E-02
  5.5200000000000005E-01,  1.0897078493891810E-01, -1.2655145361659340E-01
  5.6000000000000005E-01,  1.0769734219804712E-01, -1.7173823388169404E-01
  5.6799999999999995E-01,  1.0656302464845442E-01, -1.0252930082146074E-01
  5.7599999999999996E-01,  1.0604314036678947E-01, -2.9111724305913387E-02
  5.8399999999999996E-01,  1.0614571314237597E-01,  5.8815485884106844E-02
  5.9199999999999997E-01,  1.0697583313289098E-01,  1.4255749039773855E-01
  5.9999999999999998E-01,  1.0821872989538918E-01,  1.4828168749645904E-01
  6.0799999999999998E-01,  1.0906274314025381E-01,  5.7906658317965043E-02
  6.1599999999999999E-01,  1.0936166327304309E-01,  3.7830689344211160E-02
  6.2400000000000000E-01,  1.0977772469787060E-01,  5.6781909531025125E-02
  6.3200000000000001E-01,  1.1015960383010147E-01,  4.4978290189330770E-02
  6.4000000000000001E-01,  1.1063505369054331E-01,  6.8835892784932837E-02
  6.4800000000000002E-01,  1.1096824821335328E-01,  2.0591972273596841E-03
  6.5600000000000003E-01,  1.1084735362602313E-01, -1.0217657533135575E-02
  6.6400000000000003E-01,  1.1079800343967368E-01, -2.8747314456032097E-02
  6.7200000000000004E-01,  1.1009886785418327E-01, -1.3079749641248195E-01
  6.8000000000000005E-01,  1.0931802776469030E-01, -3.5168390771694702E-02
  6.8799999999999994E-01,  1.0942013378990438E-01,  3.0222091476635432E-02
  6.9599999999999995E-01,  1.0953441435924705E-01,  3.8661512867510816E-03
  7.0399999999999996E-01,  1.0960103734510761E-01,  7.2032049704477122E-03
  7.1199999999999997E-01,  1.0944470977336472E-01, -5.1081024557361736E-02
  7.1999999999999997E-01,  1.0894895443621126E-01, -5.7165876034132576E-02
  7.2799999999999998E-01,  1.0863510115552492E-01, -2.3919059339969944E-02
  7.3599999999999999E-01,  1.0849637997381055E-01, -1.4898701092159992E-02
  7.4399999999999999E-01,  1.0831421669284245E-01, -3.4996985920574042E-02
  7.5200000000000000E-01,  1.0797238204666201E-01, -4.1966553079189214E-02
  7.6000000000000001E-01,  1.0773831828992508E-01, -1.7238423042001384E-02
  7.6800000000000002E-01,  1.0765433106837621E-01, -3.8533779160191059E-03
  7.7600000000000002E-01,  1.0763847579635480E-01, -1.1630644382481063E-02
  7.8400000000000003E-01,  1.0722684893478689E-01, -9.4725823408084109E-02
  7.9200000000000004E-01,  1.0643666398606760E-01, -7.2916679963819994E-02
  8.0000000000000004E-01,  1.0619009256028268E-01, -9.4400963198287662E-03
  8.0800000000000005E-01,  1.0590989011254856E-01, -6.3000460035418468E-02
  8.1599999999999995E-01,  1.0553755442676380E-01, -2.5825693242560316E-03
  8.2399999999999995E-01,  1.0600671804011651E-01,  1.1071939005325081E-01
  8.3199999999999996E-01,  1.0711014067466239E-01,  1.5346512635337253E-01
  8.3999999999999997E-01,  1.0822303167521810E-01,  1.0782468076255156E-01
  8.4799999999999998E-01,  1.0874757898336786E-01,  3.5211735817593626E-02
  8.5599999999999998E-01,  1.0907016740528244E-01,  5.4685759498260156E-02
  8.6399999999999999E-01,  1.0953936506915486E-01,  5.1129324866420599E-02
  8.7200000000000000E-01,  1.0976027746159581E-01, -2.5155129569058316E-03
  8.8000000000000000E-01,  1.0935833337503938E-01, -1.0333605359460608E-01
  8.8800000000000001E-01,  1.0824045835826210E-01, -1.5822329595272513E-01
  8.9600000000000002E-01,  1.0693905670717209E-01, -1.7765745073796535E-01
  9.0400000000000003E-01,  1.0523646237847459E-01, -2.4018571670600805E-01
  9.1200000000000003E-01,  1.0345183381881919E-01, -1.9086325437926480E-01
  9.2000000000000004E-01,  1.0202371670543926E-01, -1.8744674820593940E-01
  9.2800000000000005E-01,  1.0046180884336886E-01, -1.7707884009045441E-01
  9.3600000000000005E-01,  9.9503204191668276E-02, -7.1128014421849906E-02
  9.4399999999999995E-01,  9.8876945126496099E-02, -1.0673329407924995E-01
  9.5199999999999996E-01,  9.7873007403719667E-02, -1.2537985374527999E-01
  9.5999999999999996E-01,  9.6960694473037401E-02, -1.1387544756181932E-01
  9.6799999999999997E-01,  9.5877867940723574E-02, -1.5775164978074188E-01
  9.7599999999999998E-01,  9.4485395755041224E-02, -1.9205599830058342E-01
  9.8399999999999999E-01,  9.2732042310330748E-02, -2.4405098702604960E-01
  9.9199999999999999E-01,  9.0825984624594860E-02, -2.1048609542045013E-01
  1.0000000000000000E+00,  8.9584032222504772E-02, -1.0029306588051941E-01
  1.0080000000000000E+00,  8.9001530507835408E-02, -6.7675167948376913E-02
  1.0160000000000000E+00,  8.8212544958860120E-02, -1.3329591642196206E-01
  1.0240000000000000E+00,  8.7081789535306112E-02, -1.3050913738000569E-01
  1.0320000000000000E+00,  8.6171458770687936E-02, -1.1151542993716752E-01
  1.0400000000000000E+00,  8.5161013028856383E-02, -1.2808030029731782E-01
  1.0480000000000000E+00,  8.4516408342136543E-02, -2.0749128708578771E-02
  1.0560000000000000E+00,  8.4561253382414117E-02,  1.2345931118388446E-03
  1.0640000000000001E+00,  8.4352715632344699E-02, -4.1409892460886000E-02
  1.0720000000000001E+00,  8.4057200342697855E-02, -4.0076412319848473E-02
  1.0800000000000001E+00,  8.3486656528034484E-02, -1.0355509599281000E-01
  1.0880000000000001E+00,  8.2666772676457986E-02, -8.4411907038945216E-02
  1.0960000000000001E+00,  8.2104083768438460E-02, -6.9564563266264645E-02
  1.1040000000000001E+00,  8.1553825881568662E-02, -5.1445998872748790E-02
  1.1120000000000001E+00,  8.1441971363179114E-02,  1.1517960493071456E-02
  1.1200000000000001E+00,  8.1304635016214669E-02, -6.9215588528661651E-02
  1.1279999999999999E+00,  8.0277895152917736E-02, -1.7542021145081491E-01
  1.1359999999999999E+00,  7.8741319050560074E-02, -1.9413234805019780E-01
  1.1439999999999999E+00,  7.7339138391095158E-02, -1.5567736980571314E-01
  1.1519999999999999E+00,  7.6047279806702367E-02, -1.8458031066909625E-01
  1.1599999999999999E+00,  7.4380191480853730E-02, -2.1128669567742336E-01
  1.1679999999999999E+00,  7.3019833719462954E-02, -1.2305276067921420E-01
  1.1759999999999999E+00,  7.2238507265363613E-02, -8.4123637110801328E-02
  1.1839999999999999E+00,  7.1673167106519206E-02, -5.3840667055867479E-02
  1.1919999999999999E+00,  7.1225359686578157E-02, -7.7063842935345281E-02
  1.2000000000000000E+00,  7.0338204058336892E-02, -1.3114086085326632E-01
  1.2080000000000000E+00,  6.9390833124411452E-02, -1.0332075787119729E-01
  1.2160000000000000E+00,  6.8489875550525450E-02, -1.3310918720258258E-01
  1.2240000000000000E+00,  6.7331598137039927E-02, -1.4331649450352688E-01
  1.2320000000000000E+00,  6.6251949189253631E-02, -1.3550958339287864E-01
  1.2400000000000000E+00,  6.5027826614796294E-02, -1.7076388832957592E-01
  1.2480000000000000E+00,  6.3589960727603284E-02, -1.8703722993372959E-01
  1.2560000000000000E+00,  6.1966741157887584E-02, -2.2563275777848477E-01
  1.2640000000000000E+00,  5.9911252617136611E-02, -2.8720758417346892E-01
  1.2720000000000000E+00,  5.7560436304898488E-02, -2.7699712630109335E-01
  1.2800000000000000E+00,  5.5811413379585652E-02, -1.5925992362331068E-01
  1.2880000000000000E+00,  5.4582081290425216E-02, -1.8673140801715374E-01
  1.2960000000000000E+00,  5.2569448054458671E-02, -3.0228882164785481E-01
  1.3040000000000000E+00,  5.0069738926507887E-02, -3.1608074124224983E-01
  1.3120000000000001E+00,  4.7430372435575116E-02, -3.4310253712170985E-01
  1.3200000000000001E+00,  4.4807343500032508E-02, -3.0065626202730494E-01
  1.3280000000000001E+00,  4.2451219066754017E-02, -3.1206480575119533E-01
  1.3360000000000001E+00,  3.9777888301766852E-02, -3.2855276277131146E-01
  1.3440000000000001E+00,  3.7626168749794665E-02, -2.1103439836143284E-01
  1.3520000000000001E+00,  3.5924681034806498E-02, -2.4389808715515779E-01
  1.3600000000000001E+00,  3.3758117194654193E-02, -2.7138477604154992E-01
  1.3680000000000001E+00,  3.1840750416492584E-02, -2.1440071341371217E-01
  1.3759999999999999E+00,  3.0088639808665805E-02, -2.3123929210213187E-01
  1.3839999999999999E+00,  2.8190572358102288E-02, -2.3844708876126075E-01
  1.3919999999999999E+00,  2.6267097825686158E-02, -2.4413366559093591E-01
  1.3999999999999999E+00,  2.4330744359201299E-02, -2.3366327453776900E-01
  1.4079999999999999E+00,  2.2633809220395752E-02, -1.8251443369453255E-01
  1.4159999999999999E+00,  2.1572396247888120E-02, -7.5721767899670667E-02
  1.4239999999999999E+00,  2.1350287646699724E-02,  5.9332217678202872E-03
  1.4319999999999999E+00,  2.1496026431897707E-02,  2.8887659873735878E-02
  1.4399999999999999E+00,  2.1816534113425334E-02,  4.6393095802049589E-02
  1.4480000000000000E+00,  2.2173139044469655E-02,  5.0397025186856369E-02
  1.4560000000000000E+00,  2.2918378188336135E-02,  1.4840366507015806E-01
  1.4640000000000000E+00,  2.4324752232938091E-02,  1.6972952725213969E-01
  1.4720000000000000E+00,  2.5301778040158370E-02,  7.9830978737258140E-02
  1.4800000000000000E+00,  2.5856065944487975E-02,  6.4281344652344391E-02
  1.4880000000000000E+00,  2.6136387068419545E-02, -9.8627403615125699E-03
  1.4960000000000000E+00,  2.5690578037472996E-02, -8.9023080751629874E-02
  1.5040000000000000E+00,  2.4892995999881328E-02, -1.0398669402711430E-01
  1.5120000000000000E+00,  2.4143297039252914E-02, -7.3689792586733971E-02
  1.5200000000000000E+00,  2.3780043008400677E-02, -2.2727459863740741E-02
  1.5280000000000000E+00,  2.3656212140630010E-02, -1.0230282728025942E-02
  1.5360000000000000E+00,  2.3634346464810885E-02,  1.5288651795323811E-04
  1.5440000000000000E+00,  2.3476987215239702E-02, -4.6448689794359704E-02
  1.5520000000000000E+00,  2.3027499630092357E-02, -4.9930486567505948E-02
  1.5600000000000001E+00,  2.2715339730242035E-02, -4.1714309952547587E-02
  1.5680000000000001E+00,  2.2207681793097525E-02, -7.9103522653215061E-02
  1.5760000000000001E+00,  2.1614581426744862E-02, -7.1407928422654574E-02
  1.5840000000000001E+00,  2.0841533787794533E-02, -1.2732574874726710E-01
  1.5920000000000001E+00,  1.9910425409331692E-02, -7.3379596207399284E-02
  1.6000000000000001E+00,  1.9721064253196731E-02, -7.8478619489190087E-03
  1.6080000000000001E+00,  1.9179466068011974E-02, -1.3896559816675463E-01
  1.6160000000000001E+00,  1.7838464728069811E-02, -1.6457088334178616E-01
  1.6240000000000001E+00,  1.6758088886842409E-02, -1.0991289033861232E-01
  1.6319999999999999E+00,  1.6015709832632698E-02, -7.3385381188394064E-02
  1.6399999999999999E+00,  1.5604754011591296E-02, -3.3902961936678203E-02
  1.6479999999999999E+00,  1.5398218838993206E-02, -1.6087171774004511E-02
  1.6559999999999999E+00,  1.5445991026193632E-02,  3.1180654254711684E-02
  1.6639999999999999E+00,  1.5800664103782947E-02,  4.4872182363322535E-02
  1.6719999999999999E+00,  1.5981469657685043E-02, -4.9777478333267317E-03
  1.6799999999999999E+00,  1.5841232101632519E-02, -7.8438375695445983E-03
  1.6879999999999999E+00,  1.6270153648202411E-02,  1.2849596101916530E-01
  1.6960000000000000E+00,  1.7684920193214625E-02,  1.9410184696822613E-01
  1.7040000000000000E+00,  1.9060985661037848E-02,  1.5159729405467254E-01
  1.7120000000000000E+00,  2.0198768383663732E-02,  1.2381057968905328E-01
  1.7200000000000000E+00,  2.0711233824419570E-02, -5.9241141312972589E-03
  1.7280000000000000E+00,  2.0411255138682999E-02, -3.4245435054400850E-02
  1.7360000000000000E+00,  2.0386473803574088E-02,  1.3401868222412775E-02
  1.7440000000000000E+00,  2.0350476486656940E-02, -2.1258837438746528E-02
  1.7520000000000000E+00,  2.0311844190181901E-02,  2.4555155827016908E-02
  1.7600000000000000E+00,  2.0690581563954289E-02,  6.1378290921188614E-02
  1.7680000000000000E+00,  2.1340635099405154E-02,  1.1179291540698970E-01
  1.7760000000000000E+00,  2.2470552845786373E-02,  1.5564576281643783E-01
  1.7840000000000000E+00,  2.3643693814090101E-02,  1.4167564271040586E-01
  1.7920000000000000E+00,  2.4968111261810769E-02,  2.0000966197767417E-01
  1.8000000000000000E+00,  2.6793601476044406E-02,  2.4467775041375167E-01
  1.8080000000000001E+00,  2.8704015281782430E-02,  2.2284831063976190E-01
  1.8160000000000001E+00,  3.0239430946650790E-02,  1.6243929057741360E-01
  1.8240000000000001E+00,  3.1550736051778182E-02,  1.8580787366418344E-01
  1.8320000000000001E+00,  3.3246355015129847E-02,  2.1724727706728733E-01
  1.8400000000000001E+00,  3.4684899342816849E-02,  1.4022696869450951E-01
  1.8480000000000001E+00,  3.5760002451883321E-02,  1.4540088994769870E-01
  1.8560000000000001E+00,  3.6987455530461955E-02,  1.5000857308140408E-01
  1.8640000000000001E+00,  3.8190993428050879E-02,  1.6869721341693736E-01
  1.8720000000000001E+00,  3.9894223755095833E-02,  2.5241562633052611E-01
  1.8799999999999999E+00,  4.1980791382993904E-02,  2.5710802301698732E-01
  1.8879999999999999E+00,  4.3967076665501897E-02,  2.3783179991565301E-01
  1.8959999999999999E+00,  4.5637047872109308E-02,  1.6871070007556924E-01
  1.9039999999999999E+00,  4.6688872959297849E-02,  1.0855918124429635E-01
  1.9119999999999999E+00,  4.7592154746776111E-02,  1.2163775566334935E-01
  1.9199999999999999E+00,  4.8559051117865688E-02,  1.1154084495697740E-01
  1.9279999999999999E+00,  4.9280779295101877E-02,  6.8680185591726020E-02
  1.9359999999999999E+00,  4.9810568279877794E-02,  8.0503872350604896E-02
  1.9440000000000000E+00,  5.0684600577124095E-02,  1.2434612938442662E-01
  1.9520000000000000E+00,  5.1370744316320729E-02,  2.8803990884751676E-02
  1.9600000000000000E+00,  5.1329009437887228E-02, -7.8469138559786357E-03
  1.9680000000000000E+00,  5.1497071682746511E-02,  3.8069582642139388E-02
  1.9760000000000000E+00,  5.1637400611247782E-02, -7.4462162633512820E-03
  1.9840000000000000E+00,  5.1534416383173971E-02, -1.3631298704050341E-02
  1.9920000000000000E+00,  5.1213970454146759E-02, -8.0790166572592470E-02
  2.0000000000000000E+00,  5.0439941041709811E-02, -7.7490542550772604E-02
  2.0080000000000000E+00,  5.0306776627200844E-02,  3.2348538355163797E-02
  2.0160000000000000E+00,  5.0523198635348571E-02,  6.6498967554880425E-03
  2.0240000000000000E+00,  5.0565966397068014E-02,  2.1206514664534180E-02
  2.0320000000000000E+00,  5.0859268567304168E-02,  3.7905022444488380E-02
  2.0400000000000000E+00,  5.1109717911615567E-02,  3.9212212722341926E-02
  2.0480000000000000E+00,  5.1773585331204096E-02,  1.3266068561254760E-01
  2.0560000000000000E+00,  5.3064872324050744E-02,  1.7225909414461216E-01
  2.0640000000000001E+00,  5.4316466741311416E-02,  1.3409651598518349E-01
  2.0720000000000001E+00,  5.5211401053226312E-02,  9.5486421799402241E-02
  2.0800000000000001E+00,  5.5918356236584588E-02,  7.7056058887864431E-02
  2.0880000000000001E+00,  5.6222087352743026E-02, -1.3629821761657989E-02
  2.0960000000000001E+00,  5.5806953510509856E-02, -6.5062397960534285E-02
  2.1040000000000001E+00,  5.5547269028698942E-02,  8.4993337185064882E-03
  2.1120000000000001E+00,  5.5896690232414295E-02,  7.4327321711828584E-02
  2.1200000000000001E+00,  5.6645031602862245E-02,  9.7199700363417268E-02
  2.1280000000000001E+00,  5.7051918874388846E-02, -1.3805064441265056E-02
  2.1360000000000001E+00,  5.6588067230276894E-02, -6.8704395010227418E-02
  2.1440000000000001E+00,  5.6322771121000009E-02, -1.8092110766269771E-03
  2.1520000000000001E+00,  5.6231336308308129E-02, -3.6169720457011223E-02
  2.1600000000000001E+00,  5.5813946860965129E-02, -5.3489821776977226E-02
  2.1680000000000001E+00,  5.5495404926367460E-02, -2.7486694217503327E-02
  2.1760000000000002E+00,  5.5329151517674965E-02, -1.6723327047365483E-02
  2.1840000000000002E+00,  5.5133715351159747E-02, -3.9814349079284501E-02
  2.1920000000000002E+00,  5.4687187495313504E-02, -6.2978408556040227E-02
  2.2000000000000002E+00,  5.4225241296789524E-02, -5.7101824118246908E-02
  2.2080000000000002E+00,  5.3642906532593751E-02, -8.7186364176961018E-02
  2.2160000000000002E+00,  5.3045787788209266E-02, -5.0385711643090969E-02
  2.2240000000000002E+00,  5.2733765051930677E-02, -4.5133343593491214E-02
  2.2320000000000002E+00,  5.2256759818980592E-02, -6.0386370635640618E-02
  2.2400000000000002E+00,  5.1929070056366308E-02, -2.9946520577678812E-02
  2.2480000000000002E+00,  5.1514989787598206E-02, -7.6969626845495923E-02
  2.2559999999999998E+00,  5.0967241952572441E-02, -4.2139303651879026E-02
  2.2639999999999998E+00,  5.0721100490906654E-02, -4.4993968770318769E-02
  2.2719999999999998E+00,  5.0139982770996391E-02, -7.4106488527580477E-02
  2.2799999999999998E+00,  5.0109575105990470E-02,  8.3495663577233814E-02
  2.2879999999999998E+00,  5.1236768397435024E-02,  1.6774285583291781E-01
  2.2959999999999998E+00,  5.2488933980803572E-02,  1.4062371490076961E-01
  2.3039999999999998E+00,  5.3434926300377258E-02,  8.8189326218198916E-02
  2.3119999999999998E+00,  5.3786089775162728E-02, -1.5376861245892499E-03
  2.3199999999999998E+00,  5.3481545419319820E-02, -6.8164194068212877E-02
  2.3279999999999998E+00,  5.2788420452274581E-02, -1.0054066144616862E-01
  2.3359999999999999E+00,  5.1881916818859862E-02, -1.3020384770010721E-01
  2.3439999999999999E+00,  5.0663326517803718E-02, -1.7038376300603661E-01
  2.3519999999999999E+00,  4.9265155974181372E-02, -1.7876027822630547E-01
  2.3599999999999999E+00,  4.7655875817953677E-02, -2.3139242384341074E-01
  2.3679999999999999E+00,  4.5719498621759266E-02, -2.2992075429162839E-01
  2.3759999999999999E+00,  4.4135124818474140E-02, -1.7888994815415718E-01
  2.3839999999999999E+00,  4.2610909046330137E-02, -1.9807393710984242E-01
  2.3919999999999999E+00,  4.1348068252836045E-02, -9.8962972035985280E-02
  2.3999999999999999E+00,  4.0779964665173161E-02, -8.3583368616256037E-02
  2.4079999999999999E+00,  3.9615521565172611E-02, -1.9982164724964033E-01
  2.4159999999999999E+00,  3.7957151745463477E-02, -1.9837180388907177E-01
  2.4239999999999999E+00,  3.6441024900649203E-02, -1.8630685915187092E-01
  2.4319999999999999E+00,  3.4958253952394810E-02, -1.8699938091169371E-01
  2.4399999999999999E+00,  3.3252936813839479E-02, -2.5372761553752599E-01
  2.4480000000000000E+00,  3.0950582105733097E-02, -2.9852929227116987E-01
  2.4560000000000000E+00,  2.8855879549261429E-02, -2.1577686327378454E-01
  2.4640000000000000E+00,  2.7409340137371774E-02, -1.5637491597519942E-01
  2.4720000000000000E+00,  2.6234956464972748E-02, -1.4323281224839371E-01
  2.4800000000000000E+00,  2.5058542424450124E-02, -1.4686778008335502E-01
  2.4880000000000000E+00,  2.4066573851683221E-02, -9.3686972966030277E-02
  2.4960000000000000E+00,  2.3382530013127116E-02, -1.0088270922150440E-01
  2.5040000000000000E+00,  2.2308499602570291E-02, -1.5162112348397400E-01
  2.5120000000000000E+00,  2.1333292669735823E-02, -8.2185870008186848E-02
  2.5200000000000000E+00,  2.0846550384030615E-02, -5.1584455139155244E-02
  2.5280000000000000E+00,  2.0565053750404908E-02, -6.6397586916337719E-03
  2.5360000000000000E+00,  2.0689617390224634E-02,  1.5060025327000442E-02
  2.5440000000000000E+00,  2.0464594836969031E-02, -7.5061123162324148E-02
  2.5520000000000000E+00,  1.9694659999141294E-02, -1.0167265560690497E-01
  2.5600000000000001E+00,  1.8934972841625514E-02, -8.9008922990664249E-02
  2.5680000000000001E+00,  1.8259300061910542E-02, -8.1562968440587219E-02
  2.5760000000000001E+00,  1.7524652120040934E-02, -1.1123955748339479E-01
  2.5840000000000001E+00,  1.6429869177780550E-02, -1.5732486798731152E-01
  2.5920000000000001E+00,  1.5144683587965403E-02, -1.5522497786472736E-01
  2.6000000000000001E+00,  1.4074573503204502E-02, -1.0732721179208393E-01
  2.6080000000000001E+00,  1.3325007473748754E-02, -9.8669203702192024E-02
  2.6160000000000001E+00,  1.2290885968098736E-02, -1.5067767306101834E-01
  2.6240000000000001E+00,  1.1371154789189888E-02, -5.4437034609302139E-02
  2.6320000000000001E+00,  1.1304705688228198E-02,  5.7633749022425827E-03
  2.6400000000000001E+00,  1.1175084990129629E-02, -2.5992825759969848E-02
  2.6480000000000001E+00,  1.1234322807864726E-02,  4.4862252708822700E-02
  2.6560000000000001E+00,  1.1566258214403559E-02,  1.4667216812883856E-02
  2.6640000000000001E+00,  1.1447362823606056E-02, -3.1504353439742616E-02
  2.6720000000000002E+00,  1.1040307979408972E-02, -8.9992063193344352E-02
  2.6800000000000002E+00,  9.8207434002850359E-03, -2.0115842295742561E-01
  2.6880000000000002E+00,  8.2753823913727237E-03, -1.6556284677986322E-01
  2.6960000000000002E+00,  7.1226927772672930E-03, -1.3516699445432140E-01
  2.7040000000000002E+00,  6.1239402964930077E-03, -1.0177279182489178E-01
  2.7120000000000002E+00,  5.5521706070479062E-03, -5.5997988417744768E-02
  2.7200000000000002E+00,  4.8539709060947470E-03, -1.3645726760913543E-01
  2.7280000000000002E+00,  3.3336019544128355E-03, -2.3198992239559432E-01
  2.7360000000000002E+00,  1.4381211769250702E-03, -2.2254738912367436E-01
  2.7440000000000002E+00, -9.9192921203847750E-05, -1.7099480357652447E-01
  2.7519999999999998E+00, -1.5947367110918588E-03, -2.1608714155207734E-01
  2.7599999999999998E+00, -3.4904307947136804E-03, -2.4426069509800630E-01
  2.7679999999999998E+00, -5.4632353420121082E-03, -2.6085024810516771E-01
  2.7759999999999998E+00, -7.8249739747741284E-03, -3.2720521361397742E-01
  2.7839999999999998E+00, -1.0564683965538972E-02, -3.5537298151890462E-01
  2.7919999999999998E+00, -1.3573019123099508E-02, -3.9368819519833048E-01
  2.7999999999999998E+00, -1.6553792730636549E-02, -3.2788077495749007E-01
  2.8079999999999998E+00, -1.8789051714033986E-02, -2.5341347493106947E-01
  2.8159999999999998E+00, -2.0972911933173296E-02, -2.9868814318166881E-01
  2.8239999999999998E+00, -2.3434004466046359E-02, -3.0798871688937424E-01
  2.8319999999999999E+00, -2.5917584715318857E-02, -3.1724647411710233E-01
  2.8399999999999999E+00, -2.8476240727674049E-02, -3.1626949787470005E-01
  2.8479999999999999E+00, -3.0950545040371952E-02, -3.0485286644268633E-01
  2.8559999999999999E+00, -3.3351087276541895E-02, -2.9167762444336076E-01
  2.8639999999999999E+00, -3.5602461175418834E-02, -2.7284076188615058E-01
  2.8719999999999999E+00, -3.7597426569240026E-02, -2.0473612390687027E-01
  2.8799999999999999E+00, -3.8591580351335503E-02, -4.8130763980079067E-02
  2.8879999999999999E+00, -3.8832298760073158E-02, -4.4479054133543208E-02
  2.8959999999999999E+00, -3.9393435594505290E-02, -7.7266135822032803E-02
  2.9039999999999999E+00, -3.9868967043071211E-02, -4.8308311826236641E-02
  2.9119999999999999E+00, -4.0349553420090313E-02, -7.1100845016852807E-02
  2.9199999999999999E+00, -4.0845661130603748E-02, -5.1735694581803764E-02
  2.9279999999999999E+00, -4.1448707752920574E-02, -1.1715577688178430E-01
  2.9359999999999999E+00, -4.2585931979614064E-02, -1.3628901711631392E-01
  2.9440000000000000E+00, -4.3364308059092603E-02, -7.4746554079865385E-02
  2.9520000000000000E+00, -4.4329028639850061E-02, -1.9038124044239846E-01
  2.9600000000000000E+00, -4.6292299036515119E-02, -2.7157157264665926E-01
  2.9680000000000000E+00, -4.8294189588439132E-02, -2.1937703819577903E-01
  2.9760000000000000E+00, -4.9818211818217939E-02, -1.6754149372786378E-01
  2.9840000000000000E+00, -5.1087823393817684E-02, -1.5673064968363454E-01
  2.9920000000000000E+00, -5.2397728130784610E-02, -1.7350626380567041E-01
  3.0000000000000000E+00, -5.3933834307443695E-02, -2.1572788447407903E-01
  3.0080000000000000E+00, -5.5828625979193677E-02, -2.4791539657765019E-01
  3.0160000000000000E+00, -5.7767630819269292E-02, -2.4029957081947900E-01
  3.0240000000000000E+00, -5.9875522418506556E-02, -2.9457229607788016E-01
  3.0320000000000000E+00, -6.2346763527154798E-02, -3.0822484032914121E-01
  3.0400000000000000E+00, -6.4817973724402941E-02, -3.2638222506178832E-01
  3.0480000000000000E+00, -6.7684559530767754E-02, -3.7374026524331433E-01
  3.0560000000000000E+00, -7.0406070697209555E-02, -2.9946050841048055E-01
  3.0640000000000001E+00, -7.2803605928030785E-02, -3.2735246664500833E-01
  3.0720000000000001E+00, -7.5660407338053556E-02, -3.6272535260250666E-01
  3.0800000000000001E+00, -7.8339344663022156E-02, -3.1431518867623753E-01
  3.0880000000000001E+00, -8.1005278804592309E-02, -3.6429456516255093E-01
  3.0960000000000001E+00, -8.4086299296047620E-02, -3.9351838429737074E-01
  3.1040000000000001E+00, -8.7174383938438141E-02, -3.7171144834925951E-01
  3.1120000000000001E+00, -8.9835059883253715E-02, -2.8056558412945526E-01
  3.1200000000000001E+00, -9.1682758681822227E-02, -1.9788749492523103E-01
  3.1280000000000001E+00, -9.3268687683862830E-02, -2.0611726304195616E-01
  3.1360000000000001E+00, -9.5007217687932910E-02, -2.3158306922585581E-01
  3.1440000000000001E+00, -9.7021011323240772E-02, -2.6717071662985364E-01
  3.1520000000000001E+00, -9.9092336668014536E-02, -2.4264620042063142E-01
  3.1600000000000001E+00, -1.0099650947025396E-01, -2.4540106623931884E-01
  3.1680000000000001E+00, -1.0302867060802225E-01, -2.5250020540602974E-01
  3.1760000000000002E+00, -1.0503252480211482E-01, -2.6698808081185976E-01
  3.1840000000000002E+00, -1.0761811611270418E-01, -3.7983652412824992E-01
  3.1920000000000002E+00, -1.1074965957519070E-01, -3.7778292269380714E-01
  3.2000000000000002E+00, -1.1364042052469427E-01, -3.6350743389239060E-01
  3.2080000000000002E+00, -1.1672260838482146E-01, -3.9507118780443623E-01
  3.2160000000000002E+00, -1.1958550888323109E-01, -3.0182201077579907E-01
  3.2240000000000002E+00, -1.2148846891971600E-01, -1.8058220213057000E-01
  3.2320000000000002E+00, -1.2263773673762134E-01, -1.1942289130307703E-01
  3.2400000000000002E+00, -1.2359365447879439E-01, -1.2583724975878058E-01
  3.2480000000000002E+00, -1.2459865369477190E-01, -1.1732264396324367E-01
  3.2559999999999998E+00, -1.2542397820990481E-01, -9.2716246325258669E-02
  3.2639999999999998E+00, -1.2617962051939696E-01, -1.0400049476033990E-01
  3.2719999999999998E+00, -1.2727690233890182E-01, -1.8201890235830104E-01
  3.2799999999999998E+00, -1.2900133953043777E-01, -2.1968901561641038E-01
  3.2879999999999998E+00, -1.3026948443589245E-01, -8.6946998133754727E-02
  3.2959999999999998E+00, -1.3076222491643819E-01, -7.1714982433023836E-02
  3.3039999999999998E+00, -1.3156447409392219E-01, -1.0910297651134274E-01
  3.3119999999999998E+00, -1.3225680721585667E-01, -7.1849970915788861E-02
  3.3199999999999998E+00, -1.3299902443710263E-01, -1.1593238696005424E-01
  3.3279999999999998E+00, -1.3375374529679376E-01, -4.7122205764391918E-02
  3.3359999999999999E+00, -1.3377289014286928E-01,  1.8807459726858072E-02
  3.3439999999999999E+00, -1.3367229259859098E-01,  1.4283911656652951E-02
  3.3519999999999999E+00, -1.3335551113936003E-01,  6.1679399579588845E-02
  3.3599999999999999E+00, -1.3298364841168125E-01,  1.3796928382525364E-02
  3.3679999999999999E+00, -1.3316042206350162E-01, -5.0323839733151715E-02
  3.3759999999999999E+00, -1.3376092013952626E-01, -1.0371580464082024E-01
  3.3839999999999999E+00, -1.3476236680809955E-01, -1.3090961302434714E-01
  3.3919999999999999E+00, -1.3556143783458940E-01, -5.7902750687139452E-02
  3.3999999999999999E+00, -1.3572625240797478E-01,  2.7058164888063858E-03
  3.4079999999999999E+00, -1.3585398863721801E-01, -5.6753159470333686E-02
  3.4159999999999999E+00, -1.3676269037972746E-01, -1.5660391176838706E-01
  3.4239999999999999E+00, -1.3795047810603217E-01, -1.2220148592360806E-01
  3.4319999999999999E+00, -1.3881442204852251E-01, -1.1489669757493060E-01
  3.4399999999999999E+00, -1.3992459884208400E-01, -1.5085370954783425E-01
  3.4480000000000000E+00, -1.4098208727232617E-01, -1.0937927546481968E-01
  3.4560000000000000E+00, -1.4175780312034106E-01, -8.5849247598057690E-02
  3.4640000000000000E+00, -1.4221636968055698E-01, -2.0836800580923048E-02
  3.4720000000000000E+00, -1.4219066986762702E-01,  1.2885593954098631E-02
  3.4800000000000000E+00, -1.4205232239512486E-01,  3.4183310292749292E-02
  3.4880000000000000E+00, -1.4148374992657217E-01,  1.0302910447441929E-01
  3.4960000000000000E+00, -1.4064547806043498E-01,  9.4963777846016242E-02
  3.5040000000000000E+00, -1.3995287122141206E-01,  8.4847530573337646E-02
  3.5120000000000000E+00, -1.3924725143883987E-01,  9.0766530586344332E-02
  3.5200000000000000E+00, -1.3849299117521646E-01,  9.7838596466404359E-02
  3.5280000000000000E+00, -1.3775412221715261E-01,  8.1868548799819099E-02
  3.5360000000000000E+00, -1.3709091586768613E-01,  9.9087734558008123E-02
  3.5440000000000000E+00, -1.3610817211306359E-01,  1.2786678285950931E-01
  3.5520000000000000E+00, -1.3545302329436495E-01,  2.8493045505750339E-02
  3.5600000000000001E+00, -1.3527453509256068E-01,  5.2001349371762803E-02
  3.5680000000000001E+00, -1.3442037360673820E-01,  1.4744524837508838E-01
  3.5760000000000001E+00, -1.3313985264235262E-01,  1.7360238745655626E-01
  3.5840000000000001E+00, -1.3157445697459222E-01,  2.0796966066873543E-01
  3.5920000000000001E+00, -1.3016331839022705E-01,  1.3149605152740138E-01
  3.6000000000000001E+00, -1.2926160190670363E-01,  1.2023003453875550E-01
  3.6080000000000001E+00, -1.2814070476413594E-01,  1.4004681007763173E-01
  3.6160000000000001E+00, -1.2734508536291617E-01,  5.8700439128874023E-02
  3.6240000000000001E+00, -1.2689741004826768E-01,  7.3416734360237657E-02
  3.6320000000000001E+00, -1.2611574001977874E-01,  1.1243091388228606E-01
  3.6400000000000001E+00, -1.2521215544165068E-01,  1.1410317879342113E-01
  3.6480000000000001E+00, -1.2421168795808589E-01,  1.4061552288052581E-01
  3.6560000000000001E+00, -1.2296067073282121E-01,  1.6649524643802804E-01
  3.6640000000000001E+00, -1.2168220238068417E-01,  1.4858640530654013E-01
  3.6720000000000002E+00, -1.2046899477126657E-01,  1.6925311909234500E-01
  3.6800000000000002E+00, -1.1892420653445972E-01,  2.0095273666762059E-01
  3.6880000000000002E+00, -1.1757804518134150E-01,  1.3051141640737463E-01
  3.6960000000000002E+00, -1.1654923494855202E-01,  1.5230127587084127E-01
  3.7040000000000002E+00, -1.1499424247380259E-01,  2.3023341663315089E-01
  3.7120000000000002E+00, -1.1289648336646636E-01,  3.0156366091711589E-01
  3.7200000000000002E+00, -1.1019660212239488E-01,  3.5024085259505194E-01
  3.7280000000000002E+00, -1.0775444796570681E-01,  2.5206151814989569E-01
  3.7360000000000002E+00, -1.0574654441639093E-01,  2.8971663986159762E-01
  3.7440000000000002E+00, -1.0290960451040473E-01,  3.9979049329169536E-01
  3.7519999999999998E+00, -9.9746335881132325E-02,  3.8175213644789224E-01
  3.7599999999999998E+00, -9.6705397155481126E-02,  3.8529075468411322E-01
  3.7679999999999998E+00, -9.3631578202673427E-02,  3.7481773704265686E-01
  3.7759999999999998E+00, -9.0829349342025675E-02,  3.1590963179737758E-01
  3.7839999999999998E+00, -8.8803534846720336E-02,  1.7996764609311652E-01
  3.7919999999999998E+00, -8.7835587513565044E-02,  8.5415052961157881E-02
  3.7999999999999998E+00, -8.7097433633787358E-02,  1.0862274063543650E-01
  3.8079999999999998E+00, -8.6050462783403614E-02,  1.5755763342051934E-01
  3.8159999999999998E+00, -8.4529336944968031E-02,  2.1501923884843849E-01
  3.8239999999999998E+00, -8.2890208195744816E-02,  1.8130864902640317E-01
  3.8319999999999999E+00, -8.1549169950145439E-02,  1.6962911848720846E-01
  3.8399999999999999E+00, -8.0123305457034846E-02,  1.7399787705323960E-01
  3.8479999999999999E+00, -7.8904655287913239E-02,  1.3948248966462462E-01
  3.8559999999999999E+00, -7.7632952142353218E-02,  1.8215416884765573E-01
  3.8639999999999999E+00, -7.6269607135937570E-02,  1.3612305321011392E-01
  3.8719999999999999E+00, -7.5469820047993796E-02,  8.4636264271328601E-02
  3.8799999999999999E+00, -7.4624888047813462E-02,  1.2765068128955528E-01
  3.8879999999999999E+00, -7.3634882403786961E-02,  1.0507809821309791E-01
  3.8959999999999999E+00, -7.3036259944117388E-02,  4.7122725474241560E-02
  3.9039999999999999E+00, -7.2762612644492866E-02,  3.1891503554304861E-02
  3.9119999999999999E+00, -7.2389784261330803E-02,  6.3047127630541377E-02
  3.9199999999999999E+00, -7.1817246732207254E-02,  7.7645797016989468E-02
  3.9279999999999999E+00, -7.1063519071839040E-02,  1.1834918366016700E-01
  3.9359999999999999E+00, -6.9945711864731253E-02,  1.5240264101911036E-01
  3.9440000000000000E+00, -6.8646495715942515E-02,  1.8227345121804139E-01
  3.9520000000000000E+00, -6.6964405010596945E-02,  2.2268924725894843E-01
  3.9600000000000000E+00, -6.5494246307280832E-02,  1.3305137672339598E-01
  3.9680000000000000E+00, -6.4525530042611953E-02,  1.4301267013167249E-01
  3.9760000000000000E+00, -6.3045544958704181E-02,  2.0784469613139506E-01
  3.9840000000000000E+00, -6.1453845701928966E-02,  1.9973960156225018E-01
  3.9920000000000000E+00, -5.9474426950981006E-02,  3.0312516960200775E-01
  4.0000000000000000E+00, -5.7015369961515211E-02,  2.7115161038086411E-01
  4.0080000000000000E+00, -5.5395964822316471E-02,  1.4761310620577006E-01
  4.0160000000000000E+00, -5.4342381313639825E-02,  1.2400024319659263E-01
  4.0240000000000000E+00, -5.3420714572988214E-02,  1.0843421162624330E-01
  4.0320000000000000E+00, -5.2503676780651473E-02,  1.2258888932365418E-01
  4.0400000000000000E+00, -5.1586133668802922E-02,  9.8056101778215429E-02
  4.0480000000000000E+00, -5.0863785837813140E-02,  9.8619388263487998E-02
  4.0560000000000000E+00, -4.9800999666336200E-02,  1.6962892457548109E-01
  4.0640000000000001E+00, -4.8246539524155960E-02,  2.0907474031738124E-01
  4.0720000000000001E+00, -4.6595407957693742E-02,  2.0028959530365018E-01
  4.0800000000000001E+00, -4.4891992367608442E-02,  2.4667711285693508E-01
  4.0880000000000001E+00, -4.2425167607134037E-02,  3.6156772836733386E-01
  4.0960000000000001E+00, -3.9568241355860269E-02,  3.2352677958162773E-01
  4.1040000000000001E+00, -3.7313054589441480E-02,  2.5813265752199954E-01
  4.1120000000000001E+00, -3.5221188395317737E-02,  2.6292575620699959E-01
  4.1200000000000001E+00, -3.3211347606869335E-02,  2.4122077077090967E-01
  4.1280000000000001E+00, -3.1240530414428563E-02,  2.5132281872004514E-01
  4.1360000000000001E+00, -2.9426434347185667E-02,  1.8479694547799769E-01
  4.1440000000000001E+00, -2.8288010720316975E-02,  1.1601524210868130E-01
  4.1520000000000001E+00, -2.7328369865161354E-02,  1.3015541054184560E-01
  4.1600000000000001E+00, -2.6150685186695652E-02,  1.7114694714191359E-01
  4.1680000000000001E+00, -2.4498544103122893E-02,  2.3857995499146911E-01
  4.1760000000000002E+00, -2.2518230666095509E-02,  2.4577135819796778E-01
  4.1840000000000002E+00, -2.0614472310759201E-02,  2.2983055869336524E-01
  4.1920000000000002E+00, -1.8921350628589628E-02,  1.8714845707205224E-01
  4.2000000000000002E+00, -1.7610595260897827E-02,  1.4483307025525177E-01
  4.2080000000000002E+00, -1.6692506318502279E-02,  6.9165014907116962E-02
  4.2160000000000002E+00, -1.6554978293961506E-02, -1.1821211047423640E-02
  4.2240000000000002E+00, -1.6341604013373274E-02,  8.1180095344018072E-02
  4.2320000000000002E+00, -1.5592951585632269E-02,  6.6244189627710795E-02
  4.2400000000000002E+00, -1.5536458737015139E-02, -3.5596351666434267E-02
  4.2480000000000002E+00, -1.5816181287743345E-02, -2.8818768537306728E-02
  4.2560000000000002E+00, -1.6112438718978335E-02, -4.6815303949675757E-02
  4.2640000000000002E+00, -1.6374348464554943E-02, -7.9166576328948829E-03
  4.2720000000000002E+00, -1.6382304138997612E-02, -1.5318378089040068E-02
  4.2800000000000002E+00, -1.6713270464286497E-02, -5.0104213774595410E-02
  4.2880000000000003E+00, -1.6840700531605923E-02,  2.5454136398223144E-02
  4.2960000000000003E+00, -1.6475909725582681E-02,  5.0389059842706876E-02
  4.3040000000000003E+00, -1.6094488112219203E-02,  5.2394546031315319E-02
  4.3120000000000003E+00, -1.5511429192914004E-02,  9.5730093081638823E-02
  4.3200000000000003E+00, -1.4642754120339989E-02,  1.1175129798282010E-01
  4.3280000000000003E+00, -1.3804666569960315E-02,  1.0487267755778829E-01
  4.3360000000000003E+00, -1.2654111671413854E-02,  2.0258419637476677E-01
  4.3440000000000003E+00, -1.0572482509961132E-02,  2.9589575458244405E-01
  4.3520000000000003E+00, -8.2384830356997483E-03,  2.8598634085152497E-01
  4.3600000000000003E+00, -5.8198655053750513E-03,  3.2293827212475329E-01
  4.3680000000000003E+00, -3.3218368682253556E-03,  2.7880269228422067E-01
  4.3760000000000003E+00, -1.4367425293054445E-03,  2.0556683768787584E-01
  4.3840000000000003E+00,  1.0010360967023253E-04,  1.7308776143695015E-01
  4.3920000000000003E+00,  1.2957605467072222E-03,  1.4365643149685259E-01
  4.4000000000000004E+00,  2.8915856409303759E-03,  2.7406230453843339E-01
  4.4080000000000004E+00,  5.4347471535545104E-03,  3.2446707244356443E-01
  4.4160000000000004E+00,  7.7133444245519973E-03,  2.4716401848078273E-01
  4.4240000000000004E+00,  9.5715792198848362E-03,  2.2303437464262632E-01
  4.4320000000000004E+00,  1.1262014843384169E-02,  2.0059040075070392E-01
  4.4400000000000004E+00,  1.2886040446315047E-02,  2.1057405172641697E-01
  4.4480000000000004E+00,  1.4603545011004032E-02,  2.1508358716591938E-01
  4.4560000000000004E+00,  1.6334286385919425E-02,  2.1797663228074673E-01
  4.4640000000000004E+00,  1.7964197307329739E-02,  1.7703089544785525E-01
  4.4720000000000004E+00,  1.9141708433577639E-02,  1.2955398509760765E-01
  4.4800000000000004E+00,  2.0182597749140604E-02,  1.2423197229858100E-01
  4.4880000000000004E+00,  2.0894352097512048E-02,  4.8537659647017929E-02
  4.4960000000000004E+00,  2.1193318002869051E-02,  4.7930110451051007E-02
  4.5039999999999996E+00,  2.1759984820688184E-02,  8.4533227430444849E-02
  4.5119999999999996E+00,  2.2454880304282381E-02,  9.3797537723697283E-02
  4.5199999999999996E+00,  2.3286289709015282E-02,  1.0167397956007604E-01
  4.5279999999999996E+00,  2.3810905029581927E-02,  2.6679190066114692E-02
  4.5359999999999996E+00,  2.4037929212632266E-02,  5.7645866461886387E-02
  4.5439999999999996E+00,  2.4810553476988635E-02,  1.1337118233971490E-01
  4.5519999999999996E+00,  2.5417051364499284E-02,  2.4290392082880044E-02
  4.5599999999999996E+00,  2.5314773578097277E-02, -2.8068054120107121E-02
  4.5679999999999996E+00,  2.5333608432737180E-02,  4.8958421992854266E-02
  4.5759999999999996E+00,  2.6119783877833935E-02,  1.3400560182366503E-01
  4.5839999999999996E+00,  2.7217107166017204E-02,  1.3231092481898454E-01
  4.5919999999999996E+00,  2.8270079551670914E-02,  1.3321746187738009E-01
  4.5999999999999996E+00,  2.9227890454839162E-02,  9.4955270364851310E-02
  4.6079999999999997E+00,  2.9792726413282466E-02,  5.7000656055797308E-02
  4.6159999999999997E+00,  3.0165745552935143E-02,  2.0732949128468077E-02
  4.6239999999999997E+00,  2.9893841700673666E-02, -8.1921850536808283E-02
  4.6319999999999997E+00,  2.9282527607060269E-02, -4.8908987682772048E-02
  4.6399999999999997E+00,  2.8958693369249635E-02, -6.2405771807797605E-02
  4.6479999999999997E+00,  2.8101509221184401E-02, -1.3263532415511059E-01
  4.6559999999999997E+00,  2.7207080129071238E-02, -8.9212841331594961E-02
  4.6639999999999997E+00,  2.6389237759506058E-02, -1.2708618843736283E-01
  4.6719999999999997E+00,  2.5442913212413199E-02, -7.6795471726801137E-02
  4.6799999999999997E+00,  2.5372877313711333E-02,  4.4567682383536797E-02
  4.6879999999999997E+00,  2.5792961605152664E-02,  4.7140598361400748E-02
  4.6959999999999997E+00,  2.6112006398468571E-02,  3.5132325865505257E-02
  4.7039999999999997E+00,  2.6362698836970518E-02,  2.9897177726658196E-02
  4.7119999999999997E+00,  2.6681049058921436E-02,  5.2575685499432742E-02
  4.7199999999999998E+00,  2.7094404636838321E-02,  3.7721919196669396E-02
  4.7279999999999998E+00,  2.7144117632663903E-02, -2.7402722506718012E-02
  4.7359999999999998E+00,  2.6675717275041460E-02, -8.5450219612790090E-02
  4.7439999999999998E+00,  2.5953299250536813E-02, -7.9107397504421126E-02
  4.7519999999999998E+00,  2.5535095248117350E-02, -3.2265334343111754E-02
  4.7599999999999998E+00,  2.5275212603847536E-02, -3.0844657480726654E-02
  4.7679999999999998E+00,  2.5310351785368026E-02,  5.4834782915982296E-02
  4.7759999999999998E+00,  2.6008159181020986E-02,  9.0853913556278545E-02
  4.7839999999999998E+00,  2.6457966882187229E-02,  2.5244128229760177E-02
  4.7919999999999998E+00,  2.6633164386954043E-02,  2.4605009661795997E-02
  4.7999999999999998E+00,  2.6738647191671561E-02, -5.8232267621833901E-03
  4.8079999999999998E+00,  2.6633459266766257E-02, -6.0215755356685299E-03
  4.8159999999999998E+00,  2.6765868164524198E-02,  3.7109525595506475E-02
  4.8239999999999998E+00,  2.7147240913962322E-02,  5.2389582965442362E-02
  4.8319999999999999E+00,  2.7409059266155784E-02, -6.2292688664189518E-03
  4.8399999999999999E+00,  2.6838518005261960E-02, -1.3283409363759072E-01
  4.8479999999999999E+00,  2.5557155660668150E-02, -1.6955628192083366E-01
  4.8559999999999999E+00,  2.4252270408629952E-02, -1.5499813638864876E-01
  4.8639999999999999E+00,  2.3099184317649662E-02, -1.3650941481378021E-01
  4.8719999999999999E+00,  2.1838030969131485E-02, -1.9637225309817252E-01
  4.8799999999999999E+00,  1.9999008311855890E-02, -2.3654900759948616E-01
  4.8879999999999999E+00,  1.8420654993251188E-02, -1.6296641600863615E-01
  4.8959999999999999E+00,  1.6915662632210584E-02, -2.3933901761738152E-01
  4.9039999999999999E+00,  1.4729698064779903E-02, -2.7303117049198872E-01
  4.9119999999999999E+00,  1.2881372796924920E-02, -1.9434745844549689E-01
  4.9199999999999999E+00,  1.1433100080668506E-02, -1.6617348091341880E-01
  4.9279999999999999E+00,  1.0423109537495760E-02, -8.1492214072957231E-02
  4.9359999999999999E+00,  9.8943284830373471E-03, -7.1712540002413616E-02
  4.9440000000000000E+00,  9.2222948684266056E-03, -8.2151429673222878E-02
  4.9520000000000000E+00,  8.7278374529691886E-03, -4.8946218595273865E-02
  4.9600000000000000E+00,  8.1599823192316460E-03, -1.0732313563860268E-01
  4.9680000000000000E+00,  6.9689033116109838E-03, -1.8511861988336439E-01
  4.9760000000000000E+00,  5.3029491535379657E-03, -2.2440521055140844E-01
  4.9840000000000000E+00,  3.5060514286867034E-03, -2.1628724839957564E-01
  4.9920000000000000E+00,  1.9882684088857587E-03, -1.5333728455092929E-01
  5.0000000000000000E+00,  1.1175128773211604E-03, -7.4358581313127267E-02
  5.0080000000000000E+00,  3.9531982742758238E-04, -1.3245181995301814E-01
  5.0160000000000000E+00, -1.0062707961575104E-03, -1.8933916770523213E-01
  5.0240000000000000E+00, -2.1818249536175436E-03, -1.0043124148206767E-01
  5.0320000000000000E+00, -2.9326627869102630E-03, -1.0823720548536007E-01
  5.0400000000000000E+00, -3.8742539821675459E-03, -1.0911137149575383E-01
  5.0480000000000000E+00, -4.5867787378290718E-03, -8.1540087730074359E-02
  5.0560000000000000E+00, -5.3685634547014048E-03, -1.1288775178285633E-01
  5.0640000000000001E+00, -6.3325091407100617E-03, -1.3722780427067482E-01
  5.0720000000000001E+00, -7.8904592731958347E-03, -2.6389036875282046E-01
  5.0800000000000001E+00, -1.0280561477137721E-02, -2.9754622186760232E-01
  5.0880000000000001E+00, -1.2288868313180032E-02, -2.0631029768266734E-01
  5.0960000000000001E+00, -1.3787877725321102E-02, -1.7777289961453882E-01
  5.1040000000000001E+00, -1.5157416369476776E-02, -1.6453551947653430E-01
  5.1120000000000001E+00, -1.6438148700587032E-02, -1.5398835731022120E-01
  5.1200000000000001E+00, -1.7553663595436527E-02, -1.2458319563415912E-01
  5.1280000000000001E+00, -1.8536406553981973E-02, -1.2623343318946439E-01
  5.1360000000000001E+00, -1.9453120626431192E-02, -8.8434631358449589E-02
  5.1440000000000001E+00, -1.9945336746469165E-02, -5.3322777116491728E-02
  5.1520000000000001E+00, -2.0579032781126719E-02, -1.0233267024895923E-01
  5.1600000000000001E+00, -2.1250939853305614E-02, -4.6198983763842925E-02
  5.1680000000000001E+00, -2.1316209975653463E-02,  1.8464907191474731E-02
  5.1760000000000002E+00, -2.0991377820225386E-02,  7.0905444382072358E-02
  5.1840000000000002E+00, -2.0168247667737924E-02,  1.2101693656487778E-01
  5.1920000000000002E+00, -1.9283632533118069E-02,  1.0030918895908761E-01
  5.2000000000000002E+00, -1.8356236241016118E-02,  1.4063280922765159E-01
  5.2080000000000002E+00, -1.7197642492958118E-02,  1.2702825292501280E-01
  5.2160000000000002E+00, -1.6491308282626189E-02,  5.7866926894780367E-02
  5.2240000000000002E+00, -1.5999491155151081E-02,  7.9180290918457963E-02
  5.2320000000000002E+00, -1.5182406705745588E-02,  1.1653391259057144E-01
  5.2400000000000002E+00, -1.4377212775894561E-02,  6.9204068788552564E-02
  5.2480000000000002E+00, -1.4144881985394162E-02, -1.3925036851600960E-03
  5.2560000000000002E+00, -1.4200005391801423E-02, -8.4798014037233502E-03
  5.2640000000000002E+00, -1.4344944421305919E-02, -2.6635594378643070E-02
  5.2720000000000002E+00, -1.4359098619969906E-02,  4.4005677004016988E-02
  5.2800000000000002E+00, -1.3662735390956119E-02,  1.0408597808721699E-01
  5.2880000000000003E+00, -1.3048326495660291E-02,  5.0866585421228523E-02
  5.2960000000000003E+00, -1.2577332741365433E-02,  7.6052299268070028E-02
  5.3040000000000003E+00, -1.2029767229638831E-02,  4.2978077708662951E-02
  5.3120000000000003E+00, -1.1840581283676736E-02,  2.3674742130334187E-02
  5.3200000000000003E+00, -1.1593452347042656E-02,  1.5461733430198514E-02
  5.3280000000000003E+00, -1.1951196364438503E-02, -1.0025869304033531E-01
  5.3360000000000003E+00, -1.2675141915069174E-02, -4.7207469239857636E-02
  5.3440000000000003E+00, -1.2685864054387585E-02,  1.8193306888597931E-02
  5.3520000000000003E+00, -1.2722380359693758E-02, -2.8021989002533391E-02
  5.3600000000000003E+00, -1.2924874621458773E-02, -8.9278932277269806E-03
  5.3680000000000003E+00, -1.2772734064000091E-02,  4.6332532915873095E-02
  5.3760000000000003E+00, -1.2292279950047467E-02,  5.9702608833876000E-02
  5.3840000000000003E+00, -1.2049853672254208E-02, -4.3116203069065700E-03
  5.3920000000000003E+00, -1.2198016245771872E-02, -1.3527682340490729E-02
  5.4000000000000004E+00, -1.2024594127121532E-02,  6.5424376167734222E-02
  5.4080000000000004E+00, -1.1078092376644132E-02,  1.6985359167506459E-01
  5.4160000000000004E+00, -9.5424465345968421E-03,  1.8801783652465331E-01
  5.4240000000000004E+00, -8.3460979590613930E-03,  1.1526650970172922E-01
  5.4320000000000004E+00, -7.4140413872308773E-03,  1.2990075540812895E-01
  5.4400000000000004E+00, -6.3755675501121108E-03,  1.1581718262860234E-01
  5.4480000000000004E+00, -5.5128766755447606E-03,  1.2014676105892427E-01
  5.4560000000000004E+00, -4.2402392257493522E-03,  1.9080770311876127E-01
  5.4640000000000004E+00, -2.7561235650776250E-03,  1.6744523658314822E-01
  5.4720000000000004E+00, -1.5413627309417189E-03,  1.4179606625652144E-01
  5.4800000000000004E+00, -5.4020066793991552E-04,  9.8872523884654992E-02
  5.4880000000000004E+00, -2.9590245040846297E-05,  3.2117653765242303E-02
  5.4960000000000004E+00,  8.0204946746526560E-05,  4.7662583310783433E-03
  5.5039999999999996E+00,  3.1249099420420292E-04,  7.5190950429468190E-02
  5.5119999999999996E+00,  1.4683552060934290E-03,  2.0631253547939238E-01
  5.5199999999999996E+00,  3.3321504894506223E-03,  2.4724370529601203E-01
  5.5279999999999996E+00,  5.4341664281323671E-03,  2.8229585865299717E-01
  5.5359999999999996E+00,  7.7762351549789067E-03,  2.9591894609716057E-01
  5.5439999999999996E+00,  1.0251259281222235E-02,  3.3751287545125497E-01
  5.5519999999999996E+00,  1.3167094370259371E-02,  3.6599546373080694E-01
  5.5599999999999996E+00,  1.5665238547496605E-02,  2.5479637186330462E-01
  5.5679999999999996E+00,  1.7642803441134176E-02,  2.6803822150090478E-01
  5.5759999999999996E+00,  1.9928260992549820E-02,  2.7695622630290734E-01
  5.5839999999999996E+00,  2.1848613055107269E-02,  2.1634771948267262E-01
  5.5919999999999996E+00,  2.3733321813900952E-02,  2.6095079992088238E-01
  5.5999999999999996E+00,  2.5785584799890966E-02,  2.3405843495172460E-01
  5.6079999999999997E+00,  2.7485435439535921E-02,  2.0623182344096647E-01
  5.6159999999999997E+00,  2.9261736681439183E-02,  2.3863741365413643E-01
  5.6239999999999997E+00,  3.1276805289866087E-02,  2.6706563427180213E-01
  5.6319999999999997E+00,  3.3579916220399998E-02,  3.0712086496060181E-01
  5.6399999999999997E+00,  3.6086183287156424E-02,  3.1185996378896519E-01
  5.6479999999999997E+00,  3.8481603241548937E-02,  2.8302288267373876E-01
  5.6559999999999997E+00,  4.0574551417877462E-02,  2.3916819465904673E-01
  5.6639999999999997E+00,  4.2233404636610891E-02,  1.6302294095830189E-01
  5.6719999999999997E+00,  4.2972183957617593E-02,  2.2533409587833057E-02
  5.6799999999999997E+00,  4.3019122793316718E-02,  2.8811497703508229E-02
  5.6879999999999997E+00,  4.3685072263427112E-02,  1.1683767139221851E-01
  5.6959999999999997E+00,  4.4345730032194337E-02,  3.0080529357514783E-02
  5.7039999999999997E+00,  4.4327694353189111E-02, -1.3988786181570161E-02
  5.7119999999999997E+00,  4.4194793803829804E-02, -2.8110143361589020E-02
  5.7199999999999998E+00,  4.3884003784766909E-02, -3.4668916506623911E-02
  5.7279999999999998E+00,  4.3800408607302721E-02,  5.2618663596043017E-03
  5.7359999999999998E+00,  4.3693454850304923E-02, -3.8257504001213111E-02
  5.7439999999999998E+00,  4.3409957608126312E-02, -1.2751890341260824E-02
  5.7519999999999998E+00,  4.3553134864024935E-02,  3.8030929263584340E-02
  5.7599999999999998E+00,  4.3915199539875535E-02,  5.6777529376499089E-02
  5.7679999999999998E+00,  4.4557976588409043E-02,  1.0391721481750957E-01
  5.7759999999999998E+00,  4.5531913657525187E-02,  1.4044358951225608E-01
  5.7839999999999998E+00,  4.6853103295587041E-02,  1.8774628868386808E-01
  5.7919999999999998E+00,  4.8403668634870105E-02,  1.9350588227305265E-01
  5.7999999999999998E+00,  4.9969060064983736E-02,  1.9934909146496779E-01
  5.8079999999999998E+00,  5.1449355328938066E-02,  1.5758253763650151E-01
  5.8159999999999998E+00,  5.2573838301079069E-02,  1.5151519459314872E-01
  5.8239999999999998E+00,  5.4268281838312067E-02,  2.7020268493035571E-01
  5.8319999999999999E+00,  5.6428801546962060E-02,  2.3665645210135322E-01
  5.8399999999999999E+00,  5.7926271539739449E-02,  1.5251398790430393E-01
  5.8479999999999999E+00,  5.9099300637708345E-02,  1.4624478647874703E-01
  5.8559999999999999E+00,  6.0354850818244737E-02,  1.8022796699308244E-01
  5.8639999999999999E+00,  6.2158738324535508E-02,  2.6858408024822056E-01
  5.8719999999999999E+00,  6.4416538997282946E-02,  2.8200839677078199E-01
  5.8799999999999999E+00,  6.6690848897162716E-02,  2.9826424228644244E-01
  5.8879999999999999E+00,  6.9257355449745817E-02,  3.3359660400391650E-01
  5.8959999999999999E+00,  7.1737090968290201E-02,  2.6800262010353249E-01
  5.9039999999999999E+00,  7.3401113090267908E-02,  1.5221275703811907E-01
  5.9119999999999999E+00,  7.4447117875330954E-02,  1.3155405901130768E-01
  5.9199999999999999E+00,  7.5645354836262210E-02,  1.5733142543966577E-01
  5.9279999999999999E+00,  7.6730878828977805E-02,  1.1302104919795700E-01
  5.9359999999999999E+00,  7.7702994113201626E-02,  1.4463564329323245E-01
  5.9440000000000000E+00,  7.8917455920540794E-02,  1.3577752664820275E-01
  5.9520000000000000E+00,  7.9765335623314712E-02,  9.5124795416835023E-02
  5.9600000000000000E+00,  8.0773689140712882E-02,  1.5704069844461221E-01
  5.9680000000000000E+00,  8.1969919787883316E-02,  1.2653189573477555E-01
  5.9760000000000000E+00,  8.2923972480894503E-02,  1.3042754237587784E-01
  5.9840000000000000E+00,  8.4056167294573964E-02,  1.3385567795119438E-01
  5.9920000000000000E+00,  8.4946664984738407E-02,  1.0752304197138501E-01
  6.0000000000000000E+00,  8.6192981404148217E-02,  2.1050806287265270E-01
  6.0080000000000000E+00,  8.7935629141642518E-02,  1.9122754820931123E-01
  6.0160000000000000E+00,  8.9069079489047229E-02,  1.0576435370154971E-01
  6.0240000000000000E+00,  8.9911773109102477E-02,  1.1407710944072816E-01
  6.0320000000000000E+00,  9.0913013776564883E-02,  1.3588302221857543E-01
  6.0400000000000000E+00,  9.2098543779807793E-02,  1.6077755194517782E-01
  6.0480000000000000E+00,  9.3503378076584168E-02,  1.9418066081443899E-01
  6.0560000000000000E+00,  9.5225279531811188E-02,  2.2848928009572778E-01
  6.0640000000000001E+00,  9.6905229989276795E-02,  1.7712754915556919E-01
  6.0720000000000001E+00,  9.8008250004037220E-02,  1.0180670942306419E-01
  6.0800000000000001E+00,  9.8487827177004009E-02,  1.0204431672563538E-02
  6.0880000000000001E+00,  9.8227906556749928E-02, -5.3862029828069813E-02
  6.0960000000000001E+00,  9.8012793997069650E-02,  1.0546994540597886E-02
  6.1040000000000001E+00,  9.8297991006875876E-02,  5.1912257324358918E-02
  6.1120000000000001E+00,  9.8879465951282830E-02,  9.9308000995098941E-02
  6.1200000000000001E+00,  9.9745126083836705E-02,  9.4805779326783246E-02
  6.1280000000000001E+00,  1.0021714300789829E-01,  3.6349178762263915E-02
  6.1360000000000001E+00,  1.0074867347314449E-01,  1.1575165921940925E-01
  6.1440000000000001E+00,  1.0202106527480193E-01,  1.8400943635906158E-01
  6.1520000000000001E+00,  1.0342808160560048E-01,  1.5838391655799122E-01
  6.1600000000000001E+00,  1.0453045026610934E-01,  1.2423126077417677E-01
  6.1680000000000001E+00,  1.0563168442111823E-01,  1.6235203147048541E-01
  6.1760000000000002E+00,  1.0703210685586291E-01,  1.6542362578297026E-01
  6.1840000000000002E+00,  1.0801653880300018E-01,  8.4618505649509623E-02
  6.1920000000000002E+00,  1.0867598828258236E-01,  9.5224532059842923E-02
  6.2000000000000002E+00,  1.0955321398112269E-01,  1.2047002869283113E-01
  6.2080000000000002E+00,  1.1069568876691019E-01,  1.7397832752487236E-01
  6.2160000000000002E+00,  1.1221716622309601E-01,  1.8354942819268286E-01
  6.2240000000000002E+00,  1.1348403534701915E-01,  1.5336822771565059E-01
  6.2320000000000002E+00,  1.1517883270677796E-01,  2.8365791475537433E-01
  6.2400000000000002E+00,  1.1767366860074113E-01,  3.0317974609421522E-01
  6.2480000000000002E+00,  1.1981385422734363E-01,  2.4533589192184951E-01
  6.2560000000000002E+00,  1.2178690101938699E-01,  2.4119661276428400E-01
  6.2640000000000002E+00,  1.2344105599874902E-01,  1.7008180229432993E-01
  6.2720000000000002E+00,  1.2478943985862509E-01,  1.8956886679845944E-01
  6.2800000000000002E+00,  1.2655469095943878E-01,  2.3882618834001229E-01
  6.2880000000000003E+00,  1.2836785609761481E-01,  2.0562908973588975E-01
  6.2960000000000003E+00,  1.2980882174665220E-01,  1.5571495091899293E-01
  6.3040000000000003E+00,  1.3089712393459002E-01,  1.1880594663059835E-01
  6.3120000000000003E+00,  1.3169479476317414E-01,  7.6151573756418733E-02
  6.3200000000000003E+00,  1.3208390605073753E-01,  2.4960657428849002E-02
  6.3280000000000003E+00,  1.3217220595810261E-01, -2.5467049779811825E-03
  6.3360000000000003E+00,  1.3203091022596503E-01, -2.5576449774945796E-02
  6.3440000000000003E+00,  1.3202521057210084E-01,  3.6012682325394833E-02
  6.3520000000000003E+00,  1.3242049033686251E-01,  3.3888948588858062E-02
  6.3600000000000003E+00,  1.3237256033620717E-01, -2.5789133586813284E-02
  6.3680000000000003E+00,  1.3253600830076004E-01,  8.3490539778504388E-02
  6.3760000000000003E+00,  1.3347210161515896E-01,  1.2227504309526827E-01
  6.3840000000000003E+00,  1.3434087644362311E-01,  1.0559592862855276E-01
  6.3920000000000003E+00,  1.3526946877094811E-01,  1.1831907692465021E-01
  6.4000000000000004E+00,  1.3606054937609000E-01,  8.0359836870311993E-02
  6.4080000000000004E+00,  1.3673174607402946E-01,  9.4344508111754280E-02
  6.4160000000000004E+00,  1.3746010014936674E-01,  7.5652716388065935E-02
  6.4240000000000004E+00,  1.3788837716667096E-01,  3.4384137970665044E-02
  6.4320000000000004E+00,  1.3795370280778427E-01, -2.9043398323289879E-02
  6.4400000000000004E+00,  1.3735461075709202E-01, -1.1077881496870279E-01
  6.4480000000000004E+00,  1.3645659916311537E-01, -9.9211400595890009E-02
  6.4560000000000004E+00,  1.3591113289549639E-01, -2.9094962725998527E-02
  6.4640000000000004E+00,  1.3607075073422178E-01,  6.2415968941813033E-02
  6.4720000000000004E+00,  1.3660108206181781E-01,  5.1979465857256518E-02
  6.4800000000000004E+00,  1.3694461184500040E-01,  5.2344055874081016E-02
  6.4880000000000004E+00,  1.3750196927548694E-01,  6.3653265746679941E-02
  6.4960000000000004E+00,  1.3746773843481266E-01, -8.4398620439744373E-02
  6.5039999999999996E+00,  1.3644732616139138E-01, -1.3910878087183648E-01
  6.5119999999999996E+00,  1.3547948014683570E-01, -1.0744039355038321E-01
  6.5199999999999996E+00,  1.3461499499138505E-01, -1.1060328911689796E-01
  6.5279999999999996E+00,  1.3364235846752268E-01, -1.4576236675086185E-01
  6.5359999999999996E+00,  1.3205346688347580E-01, -2.5444067859465935E-01
  6.5439999999999996E+00,  1.2978677435579672E-01, -2.9158673957203618E-01
  6.5519999999999996E+00,  1.2758720339039312E-01, -2.5644618397703178E-01
  6.5599999999999996E+00,  1.2563285522410755E-01, -2.3666118997108451E-01
  6.5679999999999996E+00,  1.2375833418468930E-01, -2.3003420306816927E-01
  6.5759999999999996E+00,  1.2207124102736552E-01, -1.8430850364101459E-01
  6.5839999999999996E+00,  1.2075512701745870E-01, -1.5812597992959890E-01
  6.5919999999999996E+00,  1.1942947341232807E-01, -1.6519660415403409E-01
  6.5999999999999996E+00,  1.1828666936574041E-01, -1.2446327771800440E-01
  6.6079999999999997E+00,  1.1709318160370832E-01, -1.9227780882565512E-01
  6.6159999999999997E+00,  1.1541674058082491E-01, -1.8942165862600277E-01
  6.6239999999999997E+00,  1.1440366726622364E-01, -7.6914801352713974E-02
  6.6319999999999997E+00,  1.1374135047271565E-01, -1.0232179922437834E-01
  6.6399999999999997E+00,  1.1296449529260470E-01, -7.2698355319829988E-02
  6.6479999999999997E+00,  1.1256905461836476E-01, -4.2048942063110911E-02
  6.6559999999999997E+00,  1.1218557338537415E-01, -4.6705385302701255E-02
  6.6639999999999997E+00,  1.1181543263096692E-01, -6.6497857424713383E-02
  6.6719999999999997E+00,  1.1071419639947921E-01, -2.1490910910270059E-01
  6.6799999999999997E+00,  1.0877599137094363E-01, -2.3089106979829704E-01
  6.6879999999999997E+00,  1.0733561664551873E-01, -1.3523992240192856E-01
  6.6959999999999997E+00,  1.0633957886224621E-01, -1.2916478306603685E-01
  6.7039999999999997E+00,  1.0515083161855374E-01, -1.6843494511930937E-01
  6.7119999999999997E+00,  1.0372546442985864E-01, -1.8016919380390239E-01
  6.7199999999999998E+00,  1.0229248491887567E-01, -1.8605111871874366E-01
  6.7279999999999998E+00,  1.0062012654993087E-01, -2.2954695240280881E-01
  6.7359999999999998E+00,  9.8829357307911897E-02, -2.0697510466120825E-01
  6.7439999999999998E+00,  9.7236350304108876E-02, -2.0584505022987828E-01
  6.7519999999999998E+00,  9.5443727766505684E-02, -2.3595723324705234E-01
  6.7599999999999998E+00,  9.3504092164029162E-02, -2.5975168743453880E-01
  6.7679999999999998E+00,  9.1054440256203684E-02, -3.5547538218838631E-01
  6.7759999999999998E+00,  8.8025743597649225E-02, -3.8656043623040481E-01
  6.7839999999999998E+00,  8.4878991125713746E-02, -4.0859669055316356E-01
  6.7919999999999998E+00,  8.1530178723974223E-02, -4.1151847817934950E-01
  6.7999999999999998E+00,  7.8505334424087442E-02, -3.4866308865950407E-01
  6.8079999999999998E+00,  7.5685195563161056E-02, -3.7091996650424275E-01
  6.8159999999999998E+00,  7.2571715595002556E-02, -3.9641921367721589E-01
  6.8239999999999998E+00,  6.9534847412852194E-02, -3.5278347930528869E-01
  6.8319999999999999E+00,  6.6996267084146854E-02, -2.8852867508145419E-01
  6.8399999999999999E+00,  6.4609471975441299E-02, -3.2999312933000091E-01
  6.8479999999999999E+00,  6.1657334593254468E-02, -3.9143675794271360E-01
  6.8559999999999999E+00,  5.8596271117287137E-02, -3.7407375622186950E-01
  6.8639999999999999E+00,  5.5523299815562970E-02, -3.9434230260465786E-01
  6.8719999999999999E+00,  5.2554614480402939E-02, -3.3036531639976668E-01
  6.8799999999999999E+00,  5.0148738021327112E-02, -2.9445037750495162E-01
  6.8879999999999999E+00,  4.7668741414687014E-02, -3.1394526225546859E-01
  6.8959999999999999E+00,  4.5327362079663716E-02, -2.7854889612947470E-01
  6.9039999999999999E+00,  4.2842197250105005E-02, -3.5811915560743679E-01
  6.9119999999999999E+00,  3.9783345582718385E-02, -3.8161102492117671E-01
  6.9199999999999999E+00,  3.6832713181279821E-02, -3.7277868926962243E-01
  6.9279999999999999E+00,  3.3619893562617569E-02, -4.2095299904749633E-01
  6.9359999999999999E+00,  3.0461256997069159E-02, -3.5446389132744810E-01
  6.9440000000000000E+00,  2.7780467497348065E-02, -3.4162723771201048E-01
  6.9520000000000000E+00,  2.4727352727476150E-02, -4.2027110521610456E-01
  6.9600000000000000E+00,  2.1313572706399386E-02, -4.0997164315496354E-01
  6.9680000000000000E+00,  1.8468080165328280E-02, -2.9405486905938644E-01
  6.9760000000000000E+00,  1.6486411424109896E-02, -2.1806804599154733E-01
  6.9840000000000000E+00,  1.4808589880687711E-02, -2.0104807105002212E-01
  6.9920000000000000E+00,  1.3335625254524745E-02, -1.6611589378221503E-01
  7.0000000000000000E+00,  1.2153205033264187E-02, -1.2453884838447871E-01
  7.0080000000000000E+00,  1.1416031716649698E-02, -6.8297615443370277E-02
  7.0160000000000000E+00,  1.0632124029818699E-02, -1.5641677268350127E-01
  7.0240000000000000E+00,  8.9139248985808384E-03, -2.4268052557862332E-01
  7.0320000000000000E+00,  7.1897423282665423E-03, -1.8704332654551753E-01
  7.0400000000000000E+00,  5.6179046225404662E-03, -2.1968382718886956E-01
  7.0480000000000000E+00,  3.8642312283202777E-03, -1.9360726301870057E-01
  7.0560000000000000E+00,  2.6669155099106143E-03, -1.1620776046647059E-01
  7.0640000000000001E+00,  1.8475196247161169E-03, -8.6618510629597745E-02
  7.0720000000000001E+00,  1.3552261359012577E-03, -4.2294249569400470E-02
  7.0800000000000001E+00,  9.1264491519511988E-04, -8.1962485732931939E-02
  7.0880000000000001E+00,  4.3809278867088323E-05, -1.2693067865303903E-01
  7.0960000000000001E+00, -1.0210306273700815E-03, -1.3429933530823232E-01
  7.1040000000000001E+00, -1.9436582958519389E-03, -8.4793603069555010E-02
  7.1120000000000001E+00, -2.4106482262346300E-03, -5.1298993104652121E-02
  7.1200000000000001E+00, -3.1126369617144548E-03, -1.3558993655077792E-01
  7.1280000000000001E+00, -4.5947070394426045E-03, -2.3466197071090567E-01
  7.1360000000000001E+00, -6.8824305927469897E-03, -3.3020928846754677E-01
  7.1440000000000001E+00, -9.5540980736688996E-03, -3.1682465192269105E-01
  7.1520000000000001E+00, -1.1972225101855017E-02, -3.0943887645127638E-01
  7.1600000000000001E+00, -1.4702069685828640E-02, -3.5953005445686614E-01
  7.1680000000000001E+00, -1.7318034436237386E-02, -2.8261705564769285E-01
  7.1760000000000002E+00, -1.9494493151619875E-02, -2.9177054132143371E-01
  7.1840000000000002E+00, -2.2187274045064140E-02, -3.7114012328185536E-01
  7.1920000000000002E+00, -2.5180944421323390E-02, -3.6807358278761415E-01
  7.2000000000000002E+00, -2.8020310294821688E-02, -3.3714070080666808E-01
  7.2080000000000002E+00, -3.0469145050215911E-02, -2.7164259186658463E-01
  7.2160000000000002E+00, -3.2405994854445556E-02, -2.1721580163940871E-01
  7.2240000000000002E+00, -3.3986421904498125E-02, -1.7956951328602266E-01
  7.2320000000000002E+00, -3.5309086356193779E-02, -1.5095518073175715E-01
  7.2400000000000002E+00, -3.6358167034465538E-02, -1.1105497384337573E-01
  7.2480000000000002E+00, -3.7217389704690809E-02, -1.1560990067083071E-01
  7.2560000000000002E+00, -3.8228462189838108E-02, -1.2679270272961607E-01
  7.2640000000000002E+00, -3.9191036997028382E-02, -1.2876789239528511E-01
  7.2720000000000002E+00, -4.0597137571131064E-02, -2.2248013867299377E-01
  7.2800000000000002E+00, -4.2259270959930935E-02, -1.5405379290606774E-01
  7.2880000000000003E+00, -4.2970130256913153E-02, -5.4534973100887452E-02
  7.2960000000000003E+00, -4.3604330354514817E-02, -1.0612790535197432E-01
  7.3040000000000003E+00, -4.4354751588805502E-02, -6.5466236763988966E-02
  7.3120000000000003E+00, -4.4730678084701402E-02, -4.1127567174892958E-02
  7.3200000000000003E+00, -4.4966909044836259E-02, -2.9439736860265753E-03
  7.3280000000000003E+00, -4.4734671075556599E-02,  4.4707353985812243E-02
  7.3360000000000003E+00, -4.4495057850989402E-02,  1.7872404497401694E-02
  7.3440000000000003E+00, -4.4190884037086924E-02,  6.8568692935979447E-02
  7.3520000000000003E+00, -4.3581428403512035E-02,  5.8294317277786972E-02
  7.3600000000000003E+00, -4.3546607770416447E-02, -5.3582438047271204E-02
  7.3680000000000003E+00, -4.4354027828317641E-02, -1.3826751660482184E-01
  7.3760000000000003E+00, -4.5561568266023256E-02, -1.5148844785877313E-01
  7.3840000000000003E+00, -4.6694700437219690E-02, -1.3422936553441672E-01
  7.3920000000000003E+00, -4.7727451167218035E-02, -1.1865566460673764E-01
  7.4000000000000004E+00, -4.8521901868702956E-02, -8.5923773234516776E-02
  7.4080000000000004E+00, -4.9322445026120390E-02, -1.2081451668881021E-01
  7.4160000000000004E+00, -5.0220612095941780E-02, -7.7490339893392712E-02
  7.4240000000000004E+00, -5.0421754758929863E-02,  1.0192024257524881E-02
  7.4320000000000004E+00, -5.0442026681119426E-02, -2.7691950608524137E-02
  7.4400000000000004E+00, -5.0816018676240034E-02, -5.9213211727325583E-02
  7.4480000000000004E+00, -5.1383718515870334E-02, -8.2269906167596038E-02
  7.4560000000000004E+00, -5.1976375101236025E-02, -5.2624150103674765E-02
  7.4640000000000004E+00, -5.2229451703363475E-02, -2.6191957445224647E-02
  7.4720000000000004E+00, -5.2600221648262106E-02, -6.4025520604542224E-02
  7.4800000000000004E+00, -5.3026338298197973E-02, -2.9702392953956082E-02
  7.4880000000000004E+00, -5.3080762010318666E-02,  4.7857975992221091E-03
  7.4960000000000004E+00, -5.3196052867181355E-02, -5.0289622633146923E-02
  7.5039999999999996E+00, -5.4043170862981327E-02, -1.5502092322529673E-01
  7.5119999999999996E+00, -5.5260486668318884E-02, -1.1784009080828958E-01
  7.5199999999999996E+00, -5.5809325695875003E-02, -4.1182569547265166E-02
  7.5279999999999996E+00, -5.6324551692571244E-02, -9.4965981531140345E-02
  7.5359999999999996E+00, -5.7180757952661712E-02, -1.1358810081016699E-01
  7.5439999999999996E+00, -5.8348563829723137E-02, -1.9545447571629326E-01
  7.5519999999999996E+00, -6.0202637841889131E-02, -2.3916254667813111E-01
  7.5599999999999996E+00, -6.1857358004445424E-02, -1.7911098082583946E-01
  7.5679999999999996E+00, -6.3282811234071923E-02, -1.7712112438478514E-01
  7.5759999999999996E+00, -6.4409653499426955E-02, -8.9887521450499608E-02
  7.5839999999999996E+00, -6.4894368898243071E-02, -5.8897219406214757E-02
  7.5919999999999996E+00, -6.5561986380701681E-02, -9.7986685233703769E-02
  7.5999999999999996E+00, -6.6246902826755882E-02, -7.4500053978143840E-02
  7.6079999999999997E+00, -6.7018095326796603E-02, -1.3443315077133711E-01
  7.6159999999999997E+00, -6.8372564043146483E-02, -1.8699767808693926E-01
  7.6239999999999997E+00, -6.9721557944294452E-02, -1.3978079076414446E-01
  7.6319999999999997E+00, -7.0629965722232596E-02, -9.8672090572508933E-02
  7.6399999999999997E+00, -7.1494350331762588E-02, -1.2112135473270552E-01
  7.6479999999999997E+00, -7.2402338966819621E-02, -8.8953555674707918E-02
  7.6559999999999997E+00, -7.2829341164552835E-02, -2.7380037311673724E-02
  7.6639999999999997E+00, -7.3007623778977793E-02, -1.7598161368764579E-02
  7.6719999999999997E+00, -7.3033683945424061E-02,  8.4257977627809153E-03
  7.6799999999999997E+00, -7.3073350720128230E-02, -2.5964446349952798E-02
  7.6879999999999997E+00, -7.3218535277469063E-02,  1.7304463974048976E-02
  7.6959999999999997E+00, -7.2642456739444222E-02,  1.0914088033741165E-01
  7.7039999999999997E+00, -7.1830756521695377E-02,  8.7970527460661432E-02
  7.7119999999999997E+00, -7.1072286506067908E-02,  1.0723171732156420E-01
  7.7199999999999998E+00, -7.0368763232851753E-02,  4.3972265142708161E-02
  7.7279999999999998E+00, -7.0424801488109742E-02, -3.6015145512508860E-02
  7.7359999999999998E+00, -7.0558649022563577E-02,  1.2041946020250851E-02
  7.7439999999999998E+00, -7.0310925612624711E-02,  4.1764844481555284E-02
  7.7519999999999998E+00, -6.9955530476945540E-02,  4.3453569820272604E-02
  7.7599999999999998E+00, -6.9688279975305842E-02,  2.3032776062247729E-02
  7.7679999999999998E+00, -6.9503527676346044E-02,  2.4996763932193369E-02
  7.7759999999999998E+00, -6.9495300736120980E-02, -4.4632573980909848E-02
  7.7839999999999998E+00, -7.0333717160833933E-02, -1.4963438618245845E-01
  7.7919999999999998E+00, -7.1505379275502892E-02, -1.2581683575939531E-01
  7.7999999999999998E+00, -7.2231459967793343E-02, -5.0475646170837260E-02
  7.8079999999999998E+00, -7.2234595678703398E-02,  4.3954008895843104E-02
  7.8159999999999998E+00, -7.1891587386689257E-02,  1.6273722710517725E-02
  7.8239999999999998E+00, -7.1955773835653367E-02, -1.9457151677036962E-03
  7.8319999999999999E+00, -7.1476831882678962E-02,  1.2306527613811032E-01
  7.8399999999999999E+00, -7.0364268989482337E-02,  1.2933216433499398E-01
  7.8479999999999999E+00, -6.9476153836699514E-02,  1.0429735535651682E-01
  7.8559999999999999E+00, -6.8609484062508899E-02,  1.0567078911315532E-01
  7.8639999999999999E+00, -6.7910854205467011E-02,  6.8519366145534805E-02
  7.8719999999999999E+00, -6.7430392894224131E-02,  5.5833184265778255E-02
  7.8799999999999999E+00, -6.7019757242839179E-02,  4.4665560590618616E-02
  7.8879999999999999E+00, -6.6743090828522658E-02,  2.3593337968165116E-02
  7.8959999999999999E+00, -6.6593087174097412E-02,  2.3284029513558287E-02
  7.9039999999999999E+00, -6.6210720887817320E-02,  7.3943683648795624E-02
  7.9119999999999999E+00, -6.5569996788129400E-02,  7.4795088525675013E-02
  7.9199999999999999E+00, -6.4956177549415225E-02,  9.5034366478409571E-02
  7.9279999999999999E+00, -6.3919554906018181E-02,  1.5564831753117311E-01
  7.9359999999999999E+00, -6.2623418075960266E-02,  1.7288929844072201E-01
  7.9440000000000000E+00, -6.0948976412078533E-02,  2.4390426732771564E-01
  7.9520000000000000E+00, -5.9236834874108898E-02,  1.4071290090988819E-01
  7.9600000000000000E+00, -5.8859254516040578E-02, -1.4934885181013588E-02
  7.9680000000000000E+00, -5.8889141928749542E-02,  1.8834002688541924E-02
  7.9760000000000000E+00, -5.8815578548316268E-02, -1.9291331986015563E-02
  7.9840000000000000E+00, -5.9148383402024080E-02, -4.7019537084072388E-02
  7.9920000000000000E+00, -5.9471655967595849E-02, -4.1677176577458633E-02
  8.0000000000000000E+00, -5.9880282226221895E-02, -5.2160748191738777E-02
  8.0079999999999991E+00, -6.0150774731078938E-02, -1.6814712939676769E-02
  8.0160000000000000E+00, -6.0326091919732004E-02, -3.4967977569382892E-02
  8.0239999999999991E+00, -6.0622695929473884E-02, -2.6309360417240205E-02
  8.0320000000000000E+00, -6.0637803941836474E-02,  2.1410357642520333E-02
  8.0399999999999991E+00, -6.0332205541049719E-02,  5.1995475930316178E-02
  8.0480000000000000E+00, -5.9856207501026076E-02,  6.5707758126214849E-02
  8.0559999999999992E+00, -5.9184455212718583E-02,  1.1358620573818376E-01
  8.0640000000000001E+00, -5.7998905846462237E-02,  1.6993718542264885E-01
  8.0719999999999992E+00, -5.6717743693434269E-02,  1.4800181116729957E-01
  8.0800000000000001E+00, -5.5391624863391074E-02,  1.9924822337086701E-01
  8.0879999999999992E+00, -5.3640412538461024E-02,  2.1271544147231805E-01
  8.0960000000000001E+00, -5.2245156067181359E-02,  1.4342286345277452E-01
  8.1039999999999992E+00, -5.1025905486956340E-02,  1.7680405374363223E-01
  8.1120000000000001E+00, -4.9377101740143099E-02,  2.3247372854321305E-01
  8.1199999999999992E+00, -4.7330252117063820E-02,  2.7349369121223244E-01
  8.1280000000000001E+00, -4.5277274892458183E-02,  2.1777407667984841E-01
  8.1359999999999992E+00, -4.3962626153840431E-02,  1.2319017077310949E-01
  8.1440000000000001E+00, -4.3003443348225603E-02,  1.3048667635035263E-01
  8.1519999999999992E+00, -4.1781164684882972E-02,  1.7769370253826375E-01
  8.1600000000000001E+00, -4.0143862013245275E-02,  2.2848684242712400E-01
  8.1679999999999993E+00, -3.8191381316951746E-02,  2.6142974661124868E-01
  8.1760000000000002E+00, -3.5846654876363723E-02,  3.2523974450127985E-01
  8.1839999999999993E+00, -3.3298526689292965E-02,  2.8099375931155396E-01
  8.1920000000000002E+00, -3.1559735997741312E-02,  1.6703477983227177E-01
  8.1999999999999993E+00, -3.0342312985820560E-02,  1.3825888399698832E-01
  8.2080000000000002E+00, -2.9567141114739109E-02,  5.0019468542338817E-02
  8.2159999999999993E+00, -2.9208422373438354E-02,  7.0979498520523890E-02
  8.2240000000000002E+00, -2.8364345568505849E-02,  1.1182947375991086E-01
  8.2319999999999993E+00, -2.7870301585062488E-02,  7.6173287333728586E-03
  8.2400000000000002E+00, -2.7964883293832680E-02, -1.3783827833621046E-02
  8.2479999999999993E+00, -2.8060839995668538E-02, -1.3957416103773591E-02
  8.2560000000000002E+00, -2.8063742016978140E-02,  2.8232168815510033E-02
  8.2639999999999993E+00, -2.7597602526855163E-02,  6.9431766193295941E-02
  8.2720000000000002E+00, -2.7262272925083160E-02,  1.1998209540932680E-02
  8.2799999999999994E+00, -2.7129229347407129E-02,  4.4241284244306157E-02
  8.2880000000000003E+00, -2.6428294705664792E-02,  1.1969291700226357E-01
  8.2959999999999994E+00, -2.5573262214860702E-02,  7.0596450293129040E-02
  8.3040000000000003E+00, -2.5449049972848581E-02, -2.9386578085663577E-02
  8.3119999999999994E+00, -2.5708894365627878E-02, -1.9643402474846798E-02
  8.3200000000000003E+00, -2.5833774952178316E-02, -2.9929697497801635E-02
  8.3279999999999994E+00, -2.6312128310830150E-02, -7.8286141336691567E-02
  8.3360000000000003E+00, -2.6830873898014675E-02, -4.6361963447702687E-02
  8.3439999999999994E+00, -2.7148150316216268E-02, -3.5632236789501767E-02
  8.3520000000000003E+00, -2.7261122217930079E-02,  1.4636508085376686E-02
  8.3599999999999994E+00, -2.7152176949995655E-02, -1.9219719866807202E-02
  8.3680000000000003E+00, -2.7842178485362003E-02, -1.4199450103477229E-01
  8.3759999999999994E+00, -2.9061227542044901E-02, -1.5123907471979636E-01
  8.3840000000000003E+00, -3.0361372440813907E-02, -1.8103777746816860E-01
  8.3919999999999995E+00, -3.1787937099096358E-02, -1.5460199005442593E-01
  8.4000000000000004E+00, -3.2733436568406112E-02, -9.5722172721839249E-02
  8.4079999999999995E+00, -3.3594177241789681E-02, -1.2610583412383158E-01
  8.4160000000000004E+00, -3.4675440270148343E-02, -1.3606596885420202E-01
  8.4239999999999995E+00, -3.5656566705589338E-02, -1.0063578006884055E-01
  8.4320000000000004E+00, -3.6180479520529968E-02, -3.3490925737083385E-02
  8.4399999999999995E+00, -3.6412580821995222E-02, -3.7185117554740653E-02
  8.4480000000000004E+00, -3.6709462530297957E-02, -2.0845467151760475E-02
  8.4559999999999995E+00, -3.6662927798164810E-02,  1.8895863395983759E-02
  8.4640000000000004E+00, -3.6671962340361235E-02, -2.4960220449613449E-02
  8.4719999999999995E+00, -3.6932384732575277E-02, -3.4687579103830420E-02
  8.4800000000000004E+00, -3.7323453103349620E-02, -6.9285727532670344E-02
  8.4879999999999995E+00, -3.7873597086394512E-02, -4.7139994911883337E-02
  8.4960000000000004E+00, -3.7992407122824381E-02, -8.0442442365378369E-04
  8.5039999999999996E+00, -3.8215015668737612E-02, -5.6844698254540346E-02
  8.5120000000000005E+00, -3.8602859045265434E-02, -1.8977314063193036E-02
  8.5199999999999996E+00, -3.8476916512820043E-02,  3.8551752257668603E-02
  8.5280000000000005E+00, -3.8093658122380032E-02,  6.1844595891685374E-02
  8.5359999999999996E+00, -3.7391065224857946E-02,  1.1146289555349882E-01
  8.5440000000000005E+00, -3.6529244891458257E-02,  8.3984825664815119E-02
  8.5519999999999996E+00, -3.6314067665411759E-02, -3.7170025724931895E-02
  8.5600000000000005E+00, -3.6975348702124829E-02, -1.0499386370689799E-01
  8.5679999999999996E+00, -3.7683717871117101E-02, -6.9576915326872241E-02
  8.5760000000000005E+00, -3.8301255431924155E-02, -9.9063351759515819E-02
  8.5839999999999996E+00, -3.9260389506407520E-02, -1.3124737919378340E-01
  8.5920000000000005E+00, -4.0409054370759437E-02, -1.6799450540681568E-01
  8.5999999999999996E+00, -4.2024075893755328E-02, -2.2403873256797346E-01
  8.6080000000000005E+00, -4.3810238100492005E-02, -2.3083402838520381E-01
  8.6159999999999997E+00, -4.6121879823226623E-02, -3.6271474612221705E-01
  8.6240000000000006E+00, -4.9255405373822392E-02, -3.7297836202598961E-01
  8.6319999999999997E+00, -5.1693390306560075E-02, -2.5294474562165559E-01
  8.6400000000000006E+00, -5.3837491818360263E-02, -3.0256395400756775E-01
  8.6479999999999997E+00, -5.6410728734406390E-02, -3.2304295045306403E-01
  8.6560000000000006E+00, -5.8938055319809911E-02, -3.1462699342146816E-01
  8.6639999999999997E+00, -6.1406228550518506E-02, -2.8941151345384480E-01
  8.6720000000000006E+00, -6.3449190550506740E-02, -2.2822863923005277E-01
  8.6799999999999997E+00, -6.5263812867956864E-02, -2.3206299624455359E-01
  8.6880000000000006E+00, -6.7100089599014062E-02, -2.1955907207965067E-01
  8.6959999999999997E+00, -6.8716360252265116E-02, -1.8276860684233115E-01
  8.7040000000000006E+00, -7.0002590765861711E-02, -1.4165204524769928E-01
  8.7119999999999997E+00, -7.1156906268449532E-02, -1.6088027061148766E-01
  8.7200000000000006E+00, -7.2673968532266001E-02, -2.1630314408438198E-01
  8.7279999999999998E+00, -7.4608963406990414E-02, -2.7092234231917933E-01
  8.7360000000000007E+00, -7.6946180062429079E-02, -2.9456142587469553E-01
  8.7439999999999998E+00, -7.8960771028822638E-02, -2.0031471162290712E-01
  8.7520000000000007E+00, -8.0347808377012858E-02, -1.6398582223100702E-01
  8.7599999999999998E+00, -8.1527387806174120E-02, -1.0719488030351249E-01
  8.7680000000000007E+00, -8.1817535037479641E-02,  2.5274019244452769E-02
  8.7759999999999998E+00, -8.1548611269867594E-02,  1.6587223108742662E-02
  8.7840000000000007E+00, -8.1707241696429442E-02, -5.4461319977118242E-02
  8.7919999999999998E+00, -8.2340867275606813E-02, -9.4980215246068145E-02
  8.8000000000000007E+00, -8.2997020606360328E-02, -5.5773212305651236E-02
  8.8079999999999998E+00, -8.3246860584966054E-02, -2.1913116305220300E-02
  8.8160000000000007E+00, -8.3595010768054354E-02, -7.2542774016399678E-02
  8.8239999999999998E+00, -8.4439384499943718E-02, -1.4064509059020611E-01
  8.8320000000000007E+00, -8.5842467628505170E-02, -2.0186750306992696E-01
  8.8399999999999999E+00, -8.7465752424760249E-02, -1.9753406802697926E-01
  8.8480000000000008E+00, -8.9075295469760438E-02, -2.0841065508672715E-01
  8.8559999999999999E+00, -9.0567079966256070E-02, -1.3836564521569225E-01
  8.8640000000000008E+00, -9.1174096198657087E-02, -3.5741541382196325E-02
  8.8719999999999999E+00, -9.1575211979608453E-02, -6.9742575912015312E-02
  8.8800000000000008E+00, -9.1956989852075302E-02, -4.4064131828952437E-03
  8.8879999999999999E+00, -9.1794171886058457E-02,  1.3161103084588299E-02
  8.8960000000000008E+00, -9.2008225948574995E-02, -5.3792874055527115E-02
  8.9039999999999999E+00, -9.2309192367033235E-02, -1.3696286823012428E-02
  8.9120000000000008E+00, -9.2385021220389302E-02, -1.6257596103141720E-02
  8.9199999999999999E+00, -9.2525220181196313E-02, -1.0090887087728317E-02
  8.9280000000000008E+00, -9.2587020221958999E-02, -1.7977175846723124E-02
  8.9359999999999999E+00, -9.2881326630556107E-02, -4.3705729125994762E-02
  8.9440000000000008E+00, -9.3011647375224840E-02,  1.9284906886958685E-02
  8.9520000000000000E+00, -9.2722203195003017E-02,  3.1787881065247978E-02
  8.9600000000000009E+00, -9.2812303055735998E-02, -6.3821010443712828E-02
  8.9680000000000000E+00, -9.3641364830861815E-02, -1.2323732564942068E-01
  8.9760000000000009E+00, -9.4479265117296374E-02, -8.0779797406061560E-02
  8.9840000000000000E+00, -9.5091437421017028E-02, -8.4247416243688991E-02
  8.9920000000000009E+00, -9.5768935286702828E-02, -6.9879980377798093E-02
  9.0000000000000000E+00, -9.6155689951338122E-02, -4.3361675390176886E-02
  9.0079999999999991E+00, -9.6744904282991290E-02, -1.0312273702517966E-01
  9.0160000000000000E+00, -9.7496676329507190E-02, -6.7495668830115041E-02
  9.0239999999999991E+00, -9.7917101599850273E-02, -5.7727968273872519E-02
  9.0320000000000000E+00, -9.8521588400132462E-02, -8.0183140277941156E-02
  9.0399999999999991E+00, -9.9002208265319011E-02, -4.2835402602894410E-02
  9.0480000000000000E+00, -9.9385969049469794E-02, -5.6957761462972302E-02
  9.0559999999999992E+00, -9.9796698571671338E-02, -4.1440398463098070E-02
  9.0640000000000001E+00, -1.0026147414225529E-01, -9.6820049364698874E-02
  9.0719999999999992E+00, -1.0143102380971177E-01, -1.7794460095260589E-01
  9.0800000000000001E+00, -1.0272093648398731E-01, -1.2841887427054061E-01
  9.0879999999999992E+00, -1.0344329166104557E-01, -5.8416754584183973E-02
  9.0960000000000001E+00, -1.0383890787122090E-01, -5.5893777731943650E-02
  9.1039999999999992E+00, -1.0446079980508385E-01, -8.8317378378394387E-02
  9.1120000000000001E+00, -1.0480408436919013E-01,  2.8397942547909047E-02
  9.1199999999999992E+00, -1.0404031431965577E-01,  1.3509195109914451E-01
  9.1280000000000001E+00, -1.0301706462424787E-01,  1.1632036167003476E-01
  9.1359999999999992E+00, -1.0209651166675726E-01,  1.1248500870307540E-01
  9.1440000000000001E+00, -1.0137905368728739E-01,  6.2011719105206947E-02
  9.1519999999999992E+00, -1.0092691385242254E-01,  6.7087247189112215E-02
  9.1600000000000001E+00, -1.0031124536686403E-01,  7.1426855461244665E-02
  9.1679999999999993E+00, -9.9882601504695842E-02,  4.9978211078835801E-02
  9.1760000000000002E+00, -9.9191341992376364E-02,  1.2883307166153454E-01
  9.1839999999999993E+00, -9.8070878566334799E-02,  1.2777864216797200E-01
  9.1920000000000002E+00, -9.7310278782431425E-02,  6.6596900152998489E-02
  9.1999999999999993E+00, -9.6909344329958264E-02,  3.5018370576404764E-02
  9.2080000000000002E+00, -9.6765977223285962E-02,  1.9508239252383642E-03
  9.2159999999999993E+00, -9.6779351470488689E-02,  5.7644156135288477E-03
  9.2240000000000002E+00, -9.6472727184276741E-02,  7.8344691295450380E-02
  9.2319999999999993E+00, -9.5680466269349826E-02,  9.2694638897797166E-02
  9.2400000000000002E+00, -9.5372520840460301E-02, -1.8947423115693939E-02
  9.2479999999999993E+00, -9.5685814543453609E-02, -3.7168304309392525E-02
  9.2560000000000002E+00, -9.5910375986355670E-02, -2.8831239732039216E-02
  9.2639999999999993E+00, -9.6123010979129689E-02, -6.0070276075914787E-03
  9.2720000000000002E+00, -9.5795538213871184E-02,  7.9966096110208496E-02
  9.2799999999999994E+00, -9.5133505719165637E-02,  8.0519770883701700E-02
  9.2880000000000003E+00, -9.4220470318863991E-02,  1.6779641340686866E-01
  9.2959999999999994E+00, -9.2617197750020419E-02,  1.9582941532131315E-01
  9.3040000000000003E+00, -9.1477559462155286E-02,  9.6897055680940578E-02
  9.3119999999999994E+00, -9.0689068230446104E-02,  1.1266846511403517E-01
  9.3200000000000003E+00, -8.9858251048377205E-02,  7.6146249105322777E-02
  9.3279999999999994E+00, -8.9483560200452950E-02,  3.3862085561903774E-02
  9.3360000000000003E+00, -8.9102790702652757E-02,  6.3257663664326821E-02
  9.3439999999999994E+00, -8.8520390459886925E-02,  8.1665172516855358E-02
  9.3520000000000003E+00, -8.7768845846132079E-02,  1.0667350268332257E-01
  9.3599999999999994E+00, -8.6805849406865268E-02,  1.3772421632269058E-01
  9.3680000000000003E+00, -8.5521566922859851E-02,  1.7800940453397279E-01
  9.3759999999999994E+00, -8.4176854175028307E-02,  1.4590138546911355E-01
  9.3840000000000003E+00, -8.3167300908212130E-02,  1.1817402951109565E-01
  9.3919999999999995E+00, -8.2145333792568345E-02,  1.4022762576802794E-01
  9.4000000000000004E+00, -8.0857505816410311E-02,  1.8842315765283629E-01
  9.4079999999999995E+00, -7.9206087958982263E-02,  1.9923155769040055E-01
  9.4160000000000004E+00, -7.8188248093214160E-02,  3.8527525832363393E-02
  9.4239999999999995E+00, -7.8345492853184082E-02, -4.4449482946164597E-02
  9.4320000000000004E+00, -7.8621082094523009E-02, -3.1779466947507704E-02
  9.4399999999999995E+00, -7.9071114572196413E-02, -8.3589687541817601E-02
  9.4480000000000004E+00, -7.9791312352402499E-02, -8.3224249519133223E-02
  9.4559999999999995E+00, -8.0296210358116238E-02, -4.0534232485834099E-02
  9.4640000000000004E+00, -8.0423352561998604E-02,  4.7166611014806837E-03
  9.4719999999999995E+00, -8.0410812254298941E-02, -1.5042577201547645E-02
  9.4800000000000004E+00, -8.0707432585588920E-02, -5.0796290997231111E-02
  9.4879999999999995E+00, -8.1088402725313841E-02, -4.0164807216257814E-02
  9.4960000000000004E+00, -8.1246625324786076E-02,  1.3007263942909792E-02
  9.5039999999999996E+00, -8.0760476353501004E-02,  9.9902858625358554E-02
  9.5120000000000005E+00, -7.9970312943828309E-02,  8.3897104629795174E-02
  9.5199999999999996E+00, -7.9287279883603803E-02,  1.0631752716434636E-01
  9.5280000000000005E+00, -7.8204643552525030E-02,  1.5050822860195845E-01
  9.5359999999999996E+00, -7.6987351460399894E-02,  1.6763804491699841E-01
  9.5440000000000005E+00, -7.5254833290407261E-02,  2.6006315072740926E-01
  9.5519999999999996E+00, -7.3345245752395677E-02,  1.8405165642867236E-01
  9.5600000000000005E+00, -7.2264437725977237E-02,  1.2132682980910904E-01
  9.5679999999999996E+00, -7.0970548277359269E-02,  2.0038955016010421E-01
  9.5760000000000005E+00, -6.9363681448717421E-02,  1.8794069200184388E-01
  9.5839999999999996E+00, -6.7878325121616664E-02,  1.9669983673695324E-01
  9.5920000000000005E+00, -6.6140764157731916E-02,  2.3506219673123532E-01
  9.5999999999999996E+00, -6.4108031015372324E-02,  2.7780618020089132E-01
  9.6080000000000005E+00, -6.1706420013414968E-02,  3.1281592064414571E-01
  9.6159999999999997E+00, -5.9281866164665832E-02,  2.8913464744483475E-01
  9.6240000000000006E+00, -5.6973430922867212E-02,  3.0213263238156657E-01
  9.6319999999999997E+00, -5.4224092589721322E-02,  3.9289406837932112E-01
  9.6400000000000006E+00, -5.0815110945559516E-02,  4.3456626697084050E-01
  9.6479999999999997E+00, -4.7684961621372174E-02,  3.3741966211071495E-01
  9.6560000000000006E+00, -4.5249693473534566E-02,  2.8774170099270696E-01
  9.6639999999999997E+00, -4.3117329044965881E-02,  2.2613699248912872E-01
  9.6720000000000006E+00, -4.1756046526418199E-02,  1.3206994828821927E-01
  9.6799999999999997E+00, -4.0557950329561367E-02,  1.8127051384070822E-01
  9.6880000000000006E+00, -3.9025217708379800E-02,  1.8415733052729263E-01
  9.6959999999999997E+00, -3.7592188653569114E-02,  1.9195680507215554E-01
  9.7040000000000006E+00, -3.5784751148773511E-02,  2.5481780907485435E-01
  9.7119999999999997E+00, -3.3627506946950526E-02,  2.8744905543323723E-01
  9.7200000000000006E+00, -3.1075917504906847E-02,  3.4694951040847927E-01
  9.7279999999999998E+00, -2.8353717882226223E-02,  3.1660447458258834E-01
  9.7360000000000007E+00, -2.5987315343772879E-02,  2.9091066807148031E-01
  9.7439999999999998E+00, -2.3532020912060005E-02,  3.2095402122518130E-01
  9.7520000000000007E+00, -2.0961161270627710E-02,  3.1693895721744353E-01
  9.7599999999999998E+00, -1.8516932463623799E-02,  2.8969913189201590E-01
  9.7680000000000007E+00, -1.6311216437288483E-02,  2.7324337404060040E-01
  9.7759999999999998E+00, -1.3943566078220143E-02,  3.1711480685229099E-01
  9.7840000000000007E+00, -1.1578680175221940E-02,  2.4910472338594308E-01
  9.7919999999999998E+00, -9.9748300754640036E-03,  1.7489818641337862E-01
  9.8000000000000007E+00, -8.4609234499263952E-03,  2.0548284254785426E-01
  9.8079999999999998E+00, -6.7831275388974405E-03,  2.1761876228147689E-01
  9.8160000000000007E+00, -4.7297753567680043E-03,  3.0557435588652743E-01
  9.8239999999999998E+00, -2.1308357200548822E-03,  3.1311426394877651E-01
  9.8320000000000007E+00, -1.7131190808567445E-05,  2.1816914097431947E-01
  9.8399999999999999E+00,  1.5309269226212593E-03,  1.7459019033907752E-01
  9.8480000000000008E+00,  2.8027809753302067E-03,  1.5059503573311914E-01
  9.8559999999999999E+00,  4.1879893756215161E-03,  2.0988298167852987E-01
  9.8640000000000008E+00,  6.1718502080557675E-03,  2.7557412772884032E-01
  9.8719999999999999E+00,  8.4571611653501064E-03,  2.9457829376379008E-01
  9.8800000000000008E+00,  1.0964380022736628E-02,  3.3893527383046562E-01
  9.8879999999999999E+00,  1.3896841036359868E-02,  3.8427726318394489E-01
  9.8960000000000008E+00,  1.6768378306554699E-02,  3.1065699001425451E-01
  9.9039999999999999E+00,  1.8861265936380649E-02,  2.4132414698571517E-01
  9.9120000000000008E+00,  2.1186648939634563E-02,  3.5468969371976694E-01
  9.9199999999999999E+00,  2.4264812747475807E-02,  3.8515430706441667E-01
  9.9280000000000008E+00,  2.7193869619442531E-02,  3.5893015131366790E-01
  9.9359999999999999E+00,  3.0145005805706181E-02,  3.7321473757209533E-01
  9.9440000000000008E+00,  3.3096389081469661E-02,  3.7780256484956132E-01
  9.9520000000000000E+00,  3.6549131511319652E-02,  4.9299506478440308E-01
  9.9600000000000009E+00,  4.0623384540521237E-02,  4.9163025657907872E-01
  9.9680000000000000E+00,  4.4313874962638326E-02,  4.5658342303213684E-01
  9.9760000000000009E+00,  4.8321213392232915E-02,  5.4582042488887039E-01
  9.9840000000000000E+00,  5.2752164001381052E-02,  5.4633788885642465E-01
  9.9920000000000009E+00,  5.7108385727725010E-02,  5.5368633692297220E-01
  1.0000000000000000E+01,  6.1589853316796637E-02,  5.5225251524303265E-01
  1.0007999999999999E+01,  6.5739055696798887E-02,  4.8091873281083053E-01
  1.0016000000000000E+01,  6.9309852362734278E-02,  4.1485077342113763E-01
  1.0023999999999999E+01,  7.2449949855472193E-02,  3.7664530950070807E-01
  1.0032000000000000E+01,  7.5377499819876320E-02,  3.5069088178599045E-01
  1.0039999999999999E+01,  7.7996750507227625E-02,  3.0993886970159601E-01
  1.0048000000000000E+01,  8.0572834569271168E-02,  3.4512645392766228E-01
  1.0055999999999999E+01,  8.3412313194059506E-02,  3.4570799515344858E-01
  1.0064000000000000E+01,  8.5907735810309999E-02,  2.7744883186245944E-01
  1.0071999999999999E+01,  8.7845831853865200E-02,  2.0042703294519820E-01
  1.0080000000000000E+01,  8.9074528204184669E-02,  1.2045476702618180E-01
  1.0087999999999999E+01,  9.0176600956240707E-02,  1.7272533926085623E-01
  1.0096000000000000E+01,  9.1707187249194369E-02,  1.8489320869856607E-01
  1.0103999999999999E+01,  9.2932467127593690E-02,  1.3042588837494135E-01
  1.0112000000000000E+01,  9.4053753573207721E-02,  1.5834938146458166E-01
  1.0119999999999999E+01,  9.5419956397345324E-02,  1.7746482748066103E-01
  1.0128000000000000E+01,  9.6878049850456713E-02,  1.8855469963195973E-01
  1.0135999999999999E+01,  9.8444650497620564E-02,  2.0424132868633588E-01
  1.0144000000000000E+01,  1.0017370640095193E-01,  2.2499685216171930E-01
  1.0151999999999999E+01,  1.0185267192225328E-01,  1.8116926890595103E-01
  1.0160000000000000E+01,  1.0309241089888697E-01,  1.4530479987716050E-01
  1.0167999999999999E+01,  1.0436277787915600E-01,  1.6650338050450661E-01
  1.0176000000000000E+01,  1.0553431365662945E-01,  1.2216399503662460E-01
  1.0183999999999999E+01,  1.0650996457372447E-01,  1.3506151171223307E-01
  1.0192000000000000E+01,  1.0762483694114494E-01,  1.2861328394536828E-01
  1.0199999999999999E+01,  1.0856873481084665E-01,  1.2626302118524410E-01
  1.0208000000000000E+01,  1.0982995574897864E-01,  1.7618614640922717E-01
  1.0215999999999999E+01,  1.1103163667241538E-01,  1.2111489778386234E-01
  1.0224000000000000E+01,  1.1225681290735713E-01,  2.2651820318455496E-01
  1.0231999999999999E+01,  1.1477725819095777E-01,  3.7107924390282337E-01
  1.0240000000000000E+01,  1.1755299520555042E-01,  3.0051279027298000E-01
  1.0247999999999999E+01,  1.1957633620378996E-01,  2.1183914545216667E-01
  1.0256000000000000E+01,  1.2095354883598058E-01,  1.3183910001925328E-01
  1.0263999999999999E+01,  1.2178829517573982E-01,  8.7497329599370302E-02
  1.0272000000000000E+01,  1.2243133465633151E-01,  7.0792167532568145E-02
  1.0279999999999999E+01,  1.2287724200743182E-01,  4.2004617003390518E-02
  1.0288000000000000E+01,  1.2318127796918646E-01,  4.0394229884228208E-02
  1.0295999999999999E+01,  1.2361859904521708E-01,  7.1535703074270082E-02
  1.0304000000000000E+01,  1.2421652891843835E-01,  6.2655145744311719E-02
  1.0311999999999999E+01,  1.2448036120558249E-01,  1.1649526390889082E-02
  1.0320000000000000E+01,  1.2471919308833009E-01,  6.2257977871586032E-02
  1.0327999999999999E+01,  1.2539317000646283E-01,  9.1827369859200647E-02
  1.0336000000000000E+01,  1.2620050960098664E-01,  1.2717573980948566E-01
  1.0343999999999999E+01,  1.2754419628570257E-01,  1.9068066231718606E-01
  1.0352000000000000E+01,  1.2879021460410434E-01,  1.0726910377598178E-01
  1.0359999999999999E+01,  1.2952103526976880E-01,  1.0423584519055558E-01
  1.0368000000000000E+01,  1.3058790787179003E-01,  1.4614658926717800E-01
  1.0375999999999999E+01,  1.3156285325492581E-01,  9.0601720385162121E-02
  1.0384000000000000E+01,  1.3206139770166755E-01,  3.5445854944503627E-02
  1.0391999999999999E+01,  1.3217697324944402E-01,  5.6895611146526512E-03
  1.0400000000000000E+01,  1.3245377465837974E-01,  7.5126476452766877E-02
  1.0407999999999999E+01,  1.3323320205200084E-01,  9.6610160449182733E-02
  1.0416000000000000E+01,  1.3373723155664161E-01,  2.5782581003109144E-02
  1.0423999999999999E+01,  1.3367168580149283E-01, -4.0531918875783647E-02
  1.0432000000000000E+01,  1.3316980994275227E-01, -7.4064219701455727E-02
  1.0440000000000000E+01,  1.3259730126700794E-01, -7.4556201293672963E-02
  1.0448000000000000E+01,  1.3181704443451825E-01, -1.1805142481293047E-01
  1.0456000000000000E+01,  1.3108437231485748E-01, -3.7071379988879660E-02
  1.0464000000000000E+01,  1.3123814255480201E-01,  4.7051759310232061E-02
  1.0472000000000000E+01,  1.3139876704251979E-01, -1.2906929063265446E-02
  1.0480000000000000E+01,  1.3118613921345609E-01, -3.5268814844244316E-02
  1.0488000000000000E+01,  1.3065081161316225E-01, -1.1332491806869310E-01
  1.0496000000000000E+01,  1.2943501924613954E-01, -1.6995651420137203E-01
  1.0504000000000000E+01,  1.2817702245266283E-01, -1.4447222928490402E-01
  1.0512000000000000E+01,  1.2700241475157600E-01, -1.5403387333922985E-01
  1.0520000000000000E+01,  1.2570277531026405E-01, -1.7370150835450623E-01
  1.0528000000000000E+01,  1.2410639186533774E-01, -2.3070849599672427E-01
  1.0536000000000000E+01,  1.2209350733120206E-01, -2.5817835066792777E-01
  1.0544000000000000E+01,  1.2022355863640273E-01, -1.9725374331891571E-01
  1.0552000000000000E+01,  1.1899746344120748E-01, -1.1654093634803571E-01
  1.0560000000000000E+01,  1.1812486171736107E-01, -1.1274556848732561E-01
  1.0568000000000000E+01,  1.1731668690878194E-01, -6.6165069454762901E-02
  1.0576000000000001E+01,  1.1725128410845403E-01,  3.4681447154886857E-02
  1.0584000000000000E+01,  1.1740764862393452E-01, -1.3060361182149127E-02
  1.0592000000000001E+01,  1.1720792795399448E-01, -1.4939726993045407E-02
  1.0600000000000000E+01,  1.1718101352763027E-01, -1.3636900093445285E-02
  1.0608000000000001E+01,  1.1675857391555176E-01, -8.2905419815572395E-02
  1.0616000000000000E+01,  1.1613394401131372E-01, -7.0450254635987836E-02
  1.0624000000000001E+01,  1.1536650520939462E-01, -1.3608373523905551E-01
  1.0632000000000000E+01,  1.1414612739270961E-01, -1.3928029018607743E-01
  1.0640000000000001E+01,  1.1337104326315488E-01, -6.4701949213696430E-02
  1.0648000000000000E+01,  1.1286530463006404E-01, -6.4805874035320982E-02
  1.0656000000000001E+01,  1.1243907124404777E-01, -4.1756132606292698E-02
  1.0664000000000000E+01,  1.1194404618396420E-01, -1.0191152546650036E-01
  1.0672000000000001E+01,  1.1076354263272255E-01, -1.7716217740853130E-01
  1.0680000000000000E+01,  1.0943265453352061E-01, -1.4129373253813091E-01
  1.0688000000000001E+01,  1.0855618790171527E-01, -8.5394533925207239E-02
  1.0696000000000000E+01,  1.0780624690841710E-01, -1.2022352320588341E-01
  1.0704000000000001E+01,  1.0658194656857582E-01, -1.6855385278680049E-01
  1.0712000000000000E+01,  1.0546799320901884E-01, -1.0082399911810548E-01
  1.0720000000000001E+01,  1.0477547652910305E-01, -9.2150300412536842E-02
  1.0728000000000000E+01,  1.0390604088575761E-01, -1.1592537591699716E-01
  1.0736000000000001E+01,  1.0304635810756274E-01, -9.8629687645860817E-02
  1.0744000000000000E+01,  1.0236200557902976E-01, -6.2052886233859385E-02
  1.0752000000000001E+01,  1.0217852630624036E-01,  7.4141024466427546E-03
  1.0760000000000000E+01,  1.0208711124963875E-01, -5.2360124491905018E-02
  1.0768000000000001E+01,  1.0139040717019547E-01, -9.7775466114244827E-02
  1.0776000000000000E+01,  1.0081755169977395E-01, -4.5039395126347630E-02
  1.0784000000000001E+01,  1.0048856442960682E-01, -4.8520547984888064E-02
  1.0792000000000000E+01,  9.9969570248494691E-02, -8.1285230404315303E-02
  1.0800000000000001E+01,  9.9242551342248408E-02, -9.1620365171211166E-02
  1.0808000000000000E+01,  9.8679825575035365E-02, -4.2575799569163339E-02
  1.0816000000000001E+01,  9.8554426807304696E-02,  1.0880189848858668E-02
  1.0824000000000000E+01,  9.8956136757453753E-02,  9.4916285678550372E-02
  1.0832000000000001E+01,  9.9855895486604992E-02,  9.8225216465680346E-02
  1.0840000000000000E+01,  1.0015739181398384E-01, -2.0217783695851331E-02
  1.0848000000000001E+01,  9.9839502262998411E-02, -4.6451701020775130E-02
  1.0856000000000000E+01,  9.9289353843502390E-02, -1.0481252774010291E-01
  1.0864000000000001E+01,  9.8255159403834030E-02, -1.3171970603681929E-01
  1.0872000000000000E+01,  9.7328883830082605E-02, -1.1384170764484895E-01
  1.0880000000000001E+01,  9.6178160042804842E-02, -1.7082649014714696E-01
  1.0888000000000000E+01,  9.4884843883187339E-02, -1.4384380929473783E-01
  1.0896000000000001E+01,  9.3547783649032046E-02, -2.2475603681509440E-01
  1.0904000000000000E+01,  9.1147888421827639E-02, -3.4936672027538712E-01
  1.0912000000000001E+01,  8.8513081818506228E-02, -2.8970003749236961E-01
  1.0920000000000000E+01,  8.6465859139396653E-02, -2.3494412216914787E-01
  1.0928000000000001E+01,  8.4645533546824345E-02, -2.2096181307074420E-01
  1.0936000000000000E+01,  8.2903862382568028E-02, -2.1840388153927204E-01
  1.0944000000000001E+01,  8.1086406476523668E-02, -2.3937947154212152E-01
  1.0952000000000000E+01,  7.9044565770447994E-02, -2.6851314241020247E-01
  1.0960000000000001E+01,  7.6936812009664096E-02, -2.4719039408819227E-01
  1.0968000000000000E+01,  7.5132710782995146E-02, -2.1043253649523361E-01
  1.0976000000000001E+01,  7.3509595821421636E-02, -1.8934710966286461E-01
  1.0984000000000000E+01,  7.2224350725013320E-02, -1.3458473457483922E-01
  1.0992000000000001E+01,  7.1156629316443232E-02, -1.4011091864594014E-01
  1.1000000000000000E+01,  7.0142047385682277E-02, -9.7023622369359797E-02
  1.1007999999999999E+01,  6.9516684473886758E-02, -9.0122594355219868E-02
  1.1016000000000000E+01,  6.8295204122118772E-02, -2.1156919946830183E-01
  1.1023999999999999E+01,  6.6584554543618987E-02, -1.8912939100917261E-01
  1.1032000000000000E+01,  6.5270826561281345E-02, -1.5802780120681587E-01
  1.1039999999999999E+01,  6.3903992446362953E-02, -1.7622380848258468E-01
  1.1048000000000000E+01,  6.2643845270415485E-02, -1.3174464464258212E-01
  1.1055999999999999E+01,  6.1864494507578555E-02, -5.6575492138083466E-02
  1.1064000000000000E+01,  6.1780616281532114E-02,  2.5100970012204904E-02
  1.1071999999999999E+01,  6.1918817646111936E-02, -9.7660778986861044E-03
  1.1080000000000000E+01,  6.1593978014613471E-02, -6.0111000061901558E-02
  1.1087999999999999E+01,  6.1109393218548247E-02, -5.6478429925560208E-02
  1.1096000000000000E+01,  6.0780872910399630E-02, -1.8964063643539097E-02
  1.1103999999999999E+01,  6.0727953097440363E-02, -1.5625212036947611E-02
  1.1112000000000000E+01,  6.0181833104564063E-02, -1.2590618649617116E-01
  1.1119999999999999E+01,  5.8928032006189686E-02, -1.7332349896191690E-01
  1.1128000000000000E+01,  5.7345997669099820E-02, -2.3581639178182925E-01
  1.1135999999999999E+01,  5.5212845252353010E-02, -2.7231043450233061E-01
  1.1144000000000000E+01,  5.3327768234993897E-02, -2.0040932720397259E-01
  1.1151999999999999E+01,  5.1732986545403328E-02, -2.0856068622759139E-01
  1.1160000000000000E+01,  5.0197188067849723E-02, -1.5157085809561580E-01
  1.1167999999999999E+01,  4.9415126669840069E-02, -5.9540483878134876E-02
  1.1176000000000000E+01,  4.8910849377689858E-02, -7.9121280911283176E-02
  1.1183999999999999E+01,  4.8134546725817282E-02, -1.0957056195684539E-01
  1.1192000000000000E+01,  4.7264812465641397E-02, -1.0066437277846001E-01
  1.1199999999999999E+01,  4.6575329187533966E-02, -7.6756167301788941E-02
  1.1208000000000000E+01,  4.5841380191969046E-02, -1.1985813266903267E-01
  1.1215999999999999E+01,  4.4544243410094241E-02, -2.0550597103287083E-01
  1.1224000000000000E+01,  4.2637601968872681E-02, -2.5616857313519309E-01
  1.1231999999999999E+01,  4.0813334744681740E-02, -1.8137033475615139E-01
  1.1240000000000000E+01,  3.9611118843697495E-02, -1.5267809853471781E-01
  1.1247999999999999E+01,  3.7934610358375809E-02, -2.6454537193313182E-01
  1.1256000000000000E+01,  3.5784507028928818E-02, -2.5172322902823008E-01
  1.1263999999999999E+01,  3.3773477013236249E-02, -2.7637156700473914E-01
  1.1272000000000000E+01,  3.1280615198104517E-02, -3.2421213113546982E-01
  1.1279999999999999E+01,  2.8942400487965540E-02, -2.5997757238980079E-01
  1.1288000000000000E+01,  2.6869334585294998E-02, -2.6793120066995663E-01
  1.1295999999999999E+01,  2.4802111110734805E-02, -2.3580140607691941E-01
  1.1304000000000000E+01,  2.2991981741173229E-02, -2.3882910698435120E-01
  1.1311999999999999E+01,  2.0811207456626672E-02, -2.9571000983356749E-01
  1.1320000000000000E+01,  1.8520319287455605E-02, -2.7149149324598881E-01
  1.1327999999999999E+01,  1.6371804707334191E-02, -2.6987475896369068E-01
  1.1336000000000000E+01,  1.4331134498080267E-02, -2.2684745926374469E-01
  1.1343999999999999E+01,  1.2801219875355027E-02, -1.6410499927921016E-01
  1.1352000000000000E+01,  1.1487221295993855E-02, -1.7865192593942919E-01
  1.1359999999999999E+01,  9.7716541959759970E-03, -2.5246739351069625E-01
  1.1368000000000000E+01,  7.6530914909936024E-03, -2.5359835727843472E-01
  1.1375999999999999E+01,  5.9316980896468030E-03, -1.8374880814359504E-01
  1.1384000000000000E+01,  4.4441739145079486E-03, -1.9583538077618784E-01
  1.1391999999999999E+01,  2.9976779943038712E-03, -1.4518476602046831E-01
  1.1400000000000000E+01,  2.2291887796146988E-03, -5.4255066355332171E-02
  1.1407999999999999E+01,  2.0753052695457117E-03,  2.3136365829817568E-02
  1.1416000000000000E+01,  2.6801754362026590E-03,  1.1857458379393401E-01
  1.1423999999999999E+01,  3.6571041859243441E-03,  1.1104599408633622E-01
  1.1432000000000000E+01,  4.4767851522096490E-03,  1.0231741755730042E-01
  1.1440000000000000E+01,  5.2816363611016695E-03,  8.9323997345312739E-02
  1.1448000000000000E+01,  5.8398764896282858E-03,  5.6850450585956683E-02
  1.1456000000000000E+01,  6.3348037832967928E-03,  7.0174041037649848E-02
  1.1464000000000000E+01,  6.9242137685504293E-03,  7.4093523831414432E-02
  1.1472000000000000E+01,  7.4820789525547873E-03,  6.1073005234284744E-02
  1.1480000000000000E+01,  7.8397310979677233E-03,  3.0223747893554830E-02
  1.1488000000000000E+01,  8.0509695865832922E-03,  2.0795555736837286E-02
  1.1496000000000000E+01,  7.9204194080684364E-03, -7.0365101309583247E-02
  1.1504000000000000E+01,  7.0863566455464837E-03, -9.8715938322268965E-02
  1.1512000000000000E+01,  6.8943500993859557E-03,  5.3421035069845114E-02
  1.1520000000000000E+01,  7.4847382764090609E-03,  6.0688263165185635E-02
  1.1528000000000000E+01,  7.7001854719422795E-03, -6.9267649386349462E-04
  1.1536000000000000E+01,  7.4396180220861309E-03, -7.6749508728207960E-02
  1.1544000000000000E+01,  6.4775690986551629E-03, -1.4094819877920162E-01
  1.1552000000000000E+01,  5.5747737162648529E-03, -8.2067726312779143E-02
  1.1560000000000000E+01,  4.8364109133021216E-03, -1.2201002853691091E-01
  1.1568000000000000E+01,  3.7866839855985089E-03, -1.0740515138807021E-01
  1.1576000000000001E+01,  3.4415180640197823E-03,  1.3265548098634082E-02
  1.1584000000000000E+01,  3.6177968530293342E-03,  1.0175234748034412E-02
  1.1592000000000001E+01,  3.5271378774973227E-03, -2.6940184211671103E-02
  1.1600000000000000E+01,  3.2854201330578662E-03, -2.9495147379779825E-02
  1.1608000000000001E+01,  3.0842209634323048E-03, -2.1383124275193937E-02
  1.1616000000000000E+01,  2.9236178628977401E-03, -1.7752536201697512E-02
  1.1624000000000001E+01,  2.8435764453618403E-03, -3.3408647010179648E-03
  1.1632000000000000E+01,  2.7261984029670716E-03, -3.5959210170468402E-02
  1.1640000000000001E+01,  2.3489682274066867E-03, -3.7272353266025966E-02
  1.1648000000000000E+01,  2.4049347105907187E-03,  5.0467678530882611E-02
  1.1656000000000001E+01,  2.9362983217831535E-03,  7.2329288326055299E-02
  1.1664000000000000E+01,  3.6238288115059340E-03,  1.0598440806054651E-01
  1.1672000000000001E+01,  4.4983688084952490E-03,  9.5392539792459430E-02
  1.1680000000000000E+01,  5.1538251868045544E-03,  9.2946171148581669E-02
  1.1688000000000001E+01,  6.3588500742515321E-03,  2.0702652463574919E-01
  1.1696000000000000E+01,  8.0405985773012913E-03,  1.8439086903396132E-01
  1.1704000000000001E+01,  9.2307036049996283E-03,  1.2775644131532454E-01
  1.1712000000000000E+01,  1.0234136039386792E-02,  1.1864608690696272E-01
  1.1720000000000001E+01,  1.0988077421430797E-02,  6.5499637248799522E-02
  1.1728000000000000E+01,  1.1277049073734535E-02,  6.5608658114158667E-03
  1.1736000000000001E+01,  1.1158557585505921E-02, -2.2101849223839884E-02
  1.1744000000000000E+01,  1.1218221740157054E-02,  4.7187833959572691E-02
  1.1752000000000001E+01,  1.1818298504626949E-02,  9.0083108010431609E-02
  1.1760000000000000E+01,  1.2614799617136538E-02,  1.1505514469121970E-01
  1.1768000000000001E+01,  1.3644415547894225E-02,  1.3055560577000794E-01
  1.1776000000000000E+01,  1.4587092678309132E-02,  1.1331927546511802E-01
  1.1784000000000001E+01,  1.5692657737652910E-02,  1.6732679781221924E-01
  1.1792000000000000E+01,  1.7075833789933232E-02,  1.6599692816718689E-01
  1.1800000000000001E+01,  1.8447526894000071E-02,  1.9449115977548712E-01
  1.1808000000000000E+01,  2.0200519910510785E-02,  2.2122235805792509E-01
  1.1816000000000001E+01,  2.1659013074735507E-02,  1.4714518249175856E-01
  1.1824000000000000E+01,  2.2982308823203037E-02,  2.1020136489172553E-01
  1.1832000000000001E+01,  2.5014628272017194E-02,  2.7390190609477749E-01
  1.1840000000000000E+01,  2.7000655529943015E-02,  2.1304994307667161E-01
  1.1848000000000001E+01,  2.8458140708367809E-02,  1.5857154917114047E-01
  1.1856000000000000E+01,  2.9653867934161894E-02,  1.4646747157368395E-01
  1.1864000000000001E+01,  3.0832251832231081E-02,  1.4513540521400578E-01
  1.1872000000000000E+01,  3.1932964336614002E-02,  1.3174280174889633E-01
  1.1880000000000001E+01,  3.3000741582745970E-02,  1.3610496736070304E-01
  1.1888000000000000E+01,  3.4087927429605709E-02,  1.3793026223289559E-01
  1.1896000000000001E+01,  3.5308442892469233E-02,  1.6736127406561840E-01
  1.1904000000000000E+01,  3.6490331177308481E-02,  1.0269283646004862E-01
  1.1912000000000001E+01,  3.6899036953145545E-02,  2.7692669941035763E-02
  1.1920000000000000E+01,  3.7480567194497570E-02,  1.3025583455152395E-01
  1.1928000000000001E+01,  3.8725041774891972E-02,  1.5847480450805052E-01
  1.1936000000000000E+01,  4.0005729133904877E-02,  1.7523316327324659E-01
  1.1944000000000001E+01,  4.1440708768173198E-02,  1.5122798960452416E-01
  1.1952000000000000E+01,  4.1952912807569846E-02, -2.4600670461236783E-02
  1.1960000000000001E+01,  4.1449765347684402E-02, -7.4185548675527804E-02
  1.1968000000000000E+01,  4.0832533198793652E-02, -9.1519755839949687E-02
  1.1976000000000001E+01,  3.9940009418995844E-02, -1.2141289131854179E-01
  1.1984000000000000E+01,  3.9038798249997800E-02, -1.0286950867328892E-01
  1.1992000000000001E+01,  3.8302940089291276E-02, -7.2711824057463445E-02
  1.2000000000000000E+01,  3.8055524771971237E-02,  1.3348292239679546E-02
  1.2007999999999999E+01,  3.8328149359278536E-02,  3.7540559506291794E-02
  1.2016000000000000E+01,  3.8527407905056849E-02,  1.5299920921780799E-02
  1.2023999999999999E+01,  3.8712049511830569E-02,  4.2566966670674097E-02
  1.2032000000000000E+01,  3.9381713848290686E-02,  1.2762234503720074E-01
  1.2039999999999999E+01,  4.0504534878836464E-02,  1.2347030194638368E-01
  1.2048000000000000E+01,  4.1070961103833958E-02,  2.6735339189323103E-02
  1.2055999999999999E+01,  4.1331399770660728E-02,  5.6456384848189226E-02
  1.2064000000000000E+01,  4.1850261090502654E-02,  4.9715333921240092E-02
  1.2071999999999999E+01,  4.1924420565324853E-02, -2.7347250881299408E-02
  1.2080000000000000E+01,  4.1504339188408783E-02, -7.9157756948748118E-02
  1.2087999999999999E+01,  4.0638022447986241E-02, -1.2779047126897655E-01
  1.2096000000000000E+01,  3.9756187485142216E-02, -7.8128022523060253E-02
  1.2103999999999999E+01,  3.9381556071352533E-02, -2.4913272057545850E-02
  1.2112000000000000E+01,  3.9277659601022696E-02, -1.2031041424239480E-03
  1.2119999999999999E+01,  3.9288385147807935E-02, -7.5988547152643525E-03
  1.2128000000000000E+01,  3.8994766521297526E-02, -6.8878469956913657E-02
  1.2135999999999999E+01,  3.8215259368966144E-02, -1.2299580868253190E-01
  1.2144000000000000E+01,  3.7130586299991900E-02, -1.3526636321551119E-01
  1.2151999999999999E+01,  3.6232683639617708E-02, -9.0138004738147690E-02
  1.2160000000000000E+01,  3.5481008727956967E-02, -1.0730507573102965E-01
  1.2167999999999999E+01,  3.4701462842651187E-02, -6.3907618537411490E-02
  1.2176000000000000E+01,  3.4497433800251671E-02, -1.5749474350419693E-02
  1.2183999999999999E+01,  3.3938846482709374E-02, -1.3050043874743136E-01
  1.2192000000000000E+01,  3.2787628688453141E-02, -1.2824376890623257E-01
  1.2199999999999999E+01,  3.1951890550355140E-02, -9.5746401567859338E-02
  1.2208000000000000E+01,  3.1182766769482072E-02, -8.3669258670310762E-02
  1.2215999999999999E+01,  3.0740633936905098E-02, -3.9675694690847668E-02
  1.2224000000000000E+01,  3.0189727198692829E-02, -1.0710155697150678E-01
  1.2231999999999999E+01,  2.9287885166408293E-02, -9.2548602447260001E-02
  1.2240000000000000E+01,  2.8827968711506745E-02, -3.4688368965526899E-02
  1.2247999999999999E+01,  2.8561065831248240E-02, -2.9740085572836791E-02
  1.2256000000000000E+01,  2.8500337689302081E-02,  1.9035373124574248E-02
  1.2263999999999999E+01,  2.8765791872938779E-02,  3.5975707015945504E-02
  1.2272000000000000E+01,  2.8970677917638014E-02,  1.6348411458932958E-02
  1.2279999999999999E+01,  2.9157059653192957E-02,  4.1709040008490621E-02
  1.2288000000000000E+01,  2.9693901046445797E-02,  8.0702698832381056E-02
  1.2295999999999999E+01,  3.0094988139098822E-02,  2.3472883644563283E-03
  1.2304000000000000E+01,  2.9803961620537188E-02, -5.4739828577666266E-02
  1.2311999999999999E+01,  2.9371232000197787E-02, -6.5328733212966950E-02
  1.2320000000000000E+01,  2.8465486266931430E-02, -1.6737086376095042E-01
  1.2327999999999999E+01,  2.6861598282545640E-02, -2.1982227392403889E-01
  1.2336000000000000E+01,  2.5015527127328602E-02, -2.3935845030058456E-01
  1.2343999999999999E+01,  2.3277809694707614E-02, -1.7259820660114106E-01
  1.2352000000000000E+01,  2.2275204965152312E-02, -1.0740508902717961E-01
  1.2359999999999999E+01,  2.0983386329690854E-02, -2.3104806784935211E-01
  1.2368000000000000E+01,  1.8830028806555196E-02, -2.7826357845803451E-01
  1.2375999999999999E+01,  1.6746823856757843E-02, -2.4718183505493993E-01
  1.2384000000000000E+01,  1.4750788933515811E-02, -2.5553735804268146E-01
  1.2391999999999999E+01,  1.2620847254693646E-02, -2.7991722633458005E-01
  1.2400000000000000E+01,  1.0312599813992955E-02, -2.8614265333364652E-01
  1.2407999999999999E+01,  8.1962536447053626E-03, -2.4441640649632801E-01
  1.2416000000000000E+01,  6.2448124802947256E-03, -2.4923207043518991E-01
  1.2423999999999999E+01,  4.3058959609409385E-03, -2.2707161405493498E-01
  1.2432000000000000E+01,  2.5374498880483317E-03, -2.2862343304824287E-01
  1.2440000000000000E+01,  6.2819266134330148E-04, -2.3209583818501306E-01
  1.2448000000000000E+01, -9.4190808282743196E-04, -1.6442528746629509E-01
  1.2456000000000000E+01, -2.2895358505731550E-03, -1.8470337682283022E-01
  1.2464000000000000E+01, -3.7768441863873362E-03, -1.7190439495381774E-01
  1.2472000000000000E+01, -5.0484390769495865E-03, -1.6123044047852275E-01
  1.2480000000000000E+01, -6.4543450710215786E-03, -1.7754429258934579E-01
  1.2488000000000000E+01, -7.6569457367692099E-03, -1.2600814526295676E-01
  1.2496000000000000E+01, -8.8207824509568631E-03, -1.8654321971650398E-01
  1.2504000000000000E+01, -1.0577488627637808E-02, -2.2432787798550202E-01
  1.2512000000000000E+01, -1.1933854052665963E-02, -9.7974018305742122E-02
  1.2520000000000000E+01, -1.2166501005720382E-02,  2.4822339905103720E-02
  1.2528000000000000E+01, -1.1841283736536172E-02,  4.0363851036428311E-02
  1.2536000000000000E+01, -1.1621198682125090E-02,  1.6195860821429424E-02
  1.2544000000000000E+01, -1.1616246863031853E-02, -2.5458135654949747E-02
  1.2552000000000000E+01, -1.2180701934408105E-02, -1.1336843930806835E-01
  1.2560000000000000E+01, -1.3216177556867954E-02, -1.3407014592665908E-01
  1.2568000000000000E+01, -1.4360037609886479E-02, -1.5899285501040319E-01
  1.2576000000000001E+01, -1.5638446117087448E-02, -1.3985225092724354E-01
  1.2584000000000000E+01, -1.6486308685886998E-02, -9.1981239547038227E-02
  1.2592000000000001E+01, -1.7545587414335633E-02, -1.8026053802235409E-01
  1.2600000000000000E+01, -1.9020795712172123E-02, -1.6029969369274091E-01
  1.2608000000000001E+01, -2.0099687332212783E-02, -1.3233920248364942E-01
  1.2616000000000000E+01, -2.1287911146045849E-02, -1.4464077397632899E-01
  1.2624000000000001E+01, -2.1953130235339798E-02, -1.1265462911398896E-02
  1.2632000000000000E+01, -2.1759698622894553E-02,  3.0531663866513195E-02
  1.2640000000000001E+01, -2.1691194607934141E-02, -1.2522634701122099E-02
  1.2648000000000000E+01, -2.1936635077808964E-02, -5.0523376962659516E-02
  1.2656000000000001E+01, -2.2456284266095545E-02, -7.0014046989310214E-02
  1.2664000000000000E+01, -2.2976131754254610E-02, -6.7110980343443996E-02
  1.2672000000000001E+01, -2.3749675856233020E-02, -1.3498825609019582E-01
  1.2680000000000000E+01, -2.5077706826231793E-02, -1.8605853464884609E-01
  1.2688000000000001E+01, -2.6564116293079462E-02, -1.7650988798165379E-01
  1.2696000000000000E+01, -2.7791297423292279E-02, -1.3133174997713981E-01
  1.2704000000000001E+01, -2.8898767093548799E-02, -1.6608410433606555E-01
  1.2712000000000000E+01, -3.0534517155166634E-02, -2.2801612422993894E-01
  1.2720000000000001E+01, -3.2293941940801825E-02, -2.1246832131832905E-01
  1.2728000000000000E+01, -3.4190188557025138E-02, -2.7463661942264811E-01
  1.2736000000000001E+01, -3.6565131219733503E-02, -2.9876803952864572E-01
  1.2744000000000000E+01, -3.8826273304859465E-02, -2.7334881596264038E-01
  1.2752000000000001E+01, -4.1033144332822312E-02, -2.7210135189783474E-01
  1.2760000000000000E+01, -4.2989647793065550E-02, -2.1308540873128820E-01
  1.2768000000000001E+01, -4.4611740015114566E-02, -2.0941685292126522E-01
  1.2776000000000000E+01, -4.6518115963395869E-02, -2.7170422371874031E-01
  1.2784000000000001E+01, -4.8968056074251906E-02, -3.3536232330356369E-01
  1.2792000000000000E+01, -5.1656745609120522E-02, -3.1934614695609564E-01
  1.2800000000000001E+01, -5.3984804826617140E-02, -2.7210403710764047E-01
  1.2808000000000000E+01, -5.6222598888862253E-02, -2.9513632775488874E-01
  1.2816000000000001E+01, -5.8755919752637768E-02, -3.4206745299872277E-01
  1.2824000000000000E+01, -6.1699127407968901E-02, -3.8015571873347759E-01
  1.2832000000000001E+01, -6.4426255757192533E-02, -2.8242878139426186E-01
  1.2840000000000000E+01, -6.6396798656031666E-02, -2.4352303753025784E-01
  1.2848000000000001E+01, -6.8552229853312080E-02, -2.7276293482052649E-01
  1.2856000000000000E+01, -7.0176929485489925E-02, -1.1612729215516049E-01
  1.2864000000000001E+01, -7.0699526920295255E-02, -4.6649880312807562E-02
  1.2872000000000000E+01, -7.1086797363204723E-02, -3.7868732724167534E-02
  1.2880000000000001E+01, -7.1189301244843475E-02,  2.5329538970311023E-03
  1.2888000000000000E+01, -7.1240170786610379E-02, -1.3875086639128615E-02
  1.2896000000000001E+01, -7.1232471556850807E-02,  1.8691923497959357E-02
  1.2904000000000000E+01, -7.1227033359741149E-02, -4.3978002307638875E-02
  1.2912000000000001E+01, -7.2090391856893074E-02, -1.5996070261490197E-01
  1.2920000000000000E+01, -7.3497830377915255E-02, -1.7955897565783338E-01
  1.2928000000000001E+01, -7.4893500028178461E-02, -1.6767896845457339E-01
  1.2936000000000000E+01, -7.6126559649320150E-02, -1.3626510402195843E-01
  1.2944000000000001E+01, -7.7028122970164745E-02, -9.0213662455816565E-02
  1.2952000000000000E+01, -7.7735969572812175E-02, -1.0660589186582090E-01
  1.2960000000000001E+01, -7.8985393634692258E-02, -2.0392505913264675E-01
  1.2968000000000000E+01, -8.0663005159095968E-02, -1.9169863826674563E-01
  1.2976000000000001E+01, -8.2028332768098428E-02, -1.6924515727612577E-01
  1.2984000000000000E+01, -8.3590808812379805E-02, -2.1486431693465893E-01
  1.2992000000000001E+01, -8.5218093267886819E-02, -1.8679987127545994E-01
  1.3000000000000000E+01, -8.6773329222963214E-02, -2.1679238989570937E-01
  1.3007999999999999E+01, -8.8681933704223628E-02, -2.5101996292415502E-01
  1.3016000000000000E+01, -9.0821897209026850E-02, -2.9860885063223863E-01
  1.3023999999999999E+01, -9.3539055546920977E-02, -3.6350966586180777E-01
  1.3032000000000000E+01, -9.6214777423502998E-02, -2.9046150104826141E-01
  1.3039999999999999E+01, -9.8302912221037084E-02, -2.4881749228538813E-01
  1.3048000000000000E+01, -1.0031078011449811E-01, -2.5008421323208191E-01
  1.3055999999999999E+01, -1.0228797942530589E-01, -2.4859465590725888E-01
  1.3064000000000000E+01, -1.0433252719672374E-01, -2.6058472048236364E-01
  1.3071999999999999E+01, -1.0645084601168321E-01, -2.7379002414593945E-01
  1.3080000000000000E+01, -1.0874775740587052E-01, -2.9269061182370137E-01
  1.3087999999999999E+01, -1.1095982353473885E-01, -2.5978201790384220E-01
  1.3096000000000000E+01, -1.1311817976764427E-01, -2.9132706976511807E-01
  1.3103999999999999E+01, -1.1541428716296462E-01, -2.5050591539030465E-01
  1.3112000000000000E+01, -1.1683011334063047E-01, -1.1398774017647553E-01
  1.3119999999999999E+01, -1.1764363696128427E-01, -1.0771642638325851E-01
  1.3128000000000000E+01, -1.1858512115434869E-01, -1.2591419943982837E-01
  1.3135999999999999E+01, -1.1978637144950421E-01, -1.8422341095021935E-01
  1.3144000000000000E+01, -1.2142400037173066E-01, -2.0382759624838181E-01
  1.3151999999999999E+01, -1.2287536769940104E-01, -1.7090161189817774E-01
  1.3160000000000000E+01, -1.2448316847824933E-01, -2.3861439854370087E-01
  1.3167999999999999E+01, -1.2643948105768243E-01, -2.2440344175224852E-01
  1.3176000000000000E+01, -1.2790721090848806E-01, -1.5398478238617341E-01
  1.3183999999999999E+01, -1.2926597309396826E-01, -2.0756216912366801E-01
  1.3192000000000000E+01, -1.3135542821295659E-01, -3.0506291148057318E-01
  1.3199999999999999E+01, -1.3378426002246893E-01, -2.7730265090575618E-01
  1.3208000000000000E+01, -1.3561726757703541E-01, -1.8506731186260827E-01
  1.3215999999999999E+01, -1.3682827414819698E-01, -1.1580884204890354E-01
  1.3224000000000000E+01, -1.3745363613452602E-01, -5.2213307879502145E-02
  1.3231999999999999E+01, -1.3801825068051471E-01, -1.0394335621348236E-01
  1.3240000000000000E+01, -1.3895908843063912E-01, -1.0671352918143646E-01
  1.3247999999999999E+01, -1.3960341228676018E-01, -7.0909455582868347E-02
  1.3256000000000000E+01, -1.4034002841710036E-01, -1.0682104514221298E-01
  1.3263999999999999E+01, -1.4096385067659173E-01, -3.6440793550271106E-02
  1.3272000000000000E+01, -1.4112679478144727E-01, -2.5870056432762144E-02
  1.3279999999999999E+01, -1.4135030351468447E-01, -5.4113377133279336E-03
  1.3288000000000000E+01, -1.4099061919928502E-01,  8.0696361313227633E-02
  1.3295999999999999E+01, -1.4051338639739477E-01,  2.2208510051857935E-02
  1.3304000000000000E+01, -1.4047248544204718E-01,  1.1023347118270028E-02
  1.3311999999999999E+01, -1.4016984877205932E-01,  5.9027108598668721E-02
  1.3320000000000000E+01, -1.3969577608299444E-01,  5.0089813267119490E-02
  1.3327999999999999E+01, -1.3949858799599776E-01, -6.3103152664153754E-03
  1.3336000000000000E+01, -1.3971117386230936E-01, -2.8735730747134175E-02
  1.3343999999999999E+01, -1.3966500067532850E-01,  4.7387580772590004E-02
  1.3352000000000000E+01, -1.3904383751550645E-01,  9.8232679332852124E-02
  1.3359999999999999E+01, -1.3818829461746832E-01,  1.0992091763404960E-01
  1.3368000000000000E+01, -1.3743292738364879E-01,  7.2485623159027415E-02
  1.3375999999999999E+01, -1.3691049226992122E-01,  7.5326791902300669E-02
  1.3384000000000000E+01, -1.3612887066093773E-01,  1.0744681013552626E-01
  1.3391999999999999E+01, -1.3544125803256093E-01,  6.3395497448474308E-02
  1.3400000000000000E+01, -1.3488227372135553E-01,  8.8463790928422548E-02
  1.3407999999999999E+01, -1.3418684045122486E-01,  6.0269830854357505E-02
  1.3416000000000000E+01, -1.3412637737999011E-01, -3.7035690681992361E-02
  1.3423999999999999E+01, -1.3452339209144862E-01, -5.2423089383094978E-02
  1.3432000000000000E+01, -1.3496425876987841E-01, -5.9858059157651744E-02
  1.3440000000000000E+01, -1.3543916232213973E-01, -5.3394038179626561E-02
  1.3448000000000000E+01, -1.3571316987260168E-01, -5.1266712075761119E-03
  1.3456000000000000E+01, -1.3533136431603146E-01,  1.0655086301777500E-01
  1.3464000000000000E+01, -1.3414228637756809E-01,  1.7328654173364169E-01
  1.3472000000000000E+01, -1.3271070685308678E-01,  1.8736523503612376E-01
  1.3480000000000000E+01, -1.3108601180946955E-01,  2.1538889359268171E-01
  1.3488000000000000E+01, -1.2933017544166830E-01,  2.2819345336448582E-01
  1.3496000000000000E+01, -1.2731235201789462E-01,  2.7056159422836690E-01
  1.3504000000000000E+01, -1.2542718246551918E-01,  1.7185307146849704E-01
  1.3512000000000000E+01, -1.2450448355186487E-01,  9.5752516395613246E-02
  1.3520000000000000E+01, -1.2339315372482863E-01,  1.8227074081240519E-01
  1.3528000000000000E+01, -1.2195088537004257E-01,  1.6116714402219393E-01
  1.3536000000000000E+01, -1.2067950550104545E-01,  1.7507377009597397E-01
  1.3544000000000000E+01, -1.1919563145154437E-01,  1.7177535046304396E-01
  1.3552000000000000E+01, -1.1817194823200360E-01,  9.3988943211049683E-02
  1.3560000000000000E+01, -1.1733206107472365E-01,  1.3052422684166751E-01
  1.3568000000000000E+01, -1.1613594581242070E-01,  1.5871108385647545E-01
  1.3576000000000001E+01, -1.1479480171736826E-01,  1.8448684238098037E-01
  1.3584000000000000E+01, -1.1312713076720336E-01,  2.2807590020192336E-01
  1.3592000000000001E+01, -1.1125549168115018E-01,  2.3416629717535217E-01
  1.3600000000000000E+01, -1.0946905036259909E-01,  2.0568315216485186E-01
  1.3608000000000001E+01, -1.0805103908650397E-01,  1.4695225663450262E-01
  1.3616000000000000E+01, -1.0709311779864880E-01,  9.8167096357208453E-02
  1.3624000000000001E+01, -1.0623346472784749E-01,  1.4279202066285598E-01
  1.3632000000000000E+01, -1.0448987830513713E-01,  2.8905986804863942E-01
  1.3640000000000001E+01, -1.0212778502596041E-01,  2.6089281020300942E-01
  1.3648000000000000E+01, -1.0050613185570924E-01,  1.6607907612010189E-01
  1.3656000000000001E+01, -9.9064313562257700E-02,  2.0098938337251027E-01
  1.3664000000000000E+01, -9.7471812961546861E-02,  1.8656211359531172E-01
  1.3672000000000001E+01, -9.6005016921456868E-02,  1.9105066855508812E-01
  1.3680000000000000E+01, -9.4394224834805252E-02,  2.0688643719764918E-01
  1.3688000000000001E+01, -9.2587979629392136E-02,  2.6460091395331797E-01
  1.3696000000000000E+01, -8.9959369411108298E-02,  3.8447236106293997E-01
  1.3704000000000001E+01, -8.6765275617538010E-02,  3.9895297778430983E-01
  1.3712000000000000E+01, -8.3547628890949188E-02,  4.1527858672584445E-01
  1.3720000000000001E+01, -8.0084182560828734E-02,  4.4528828021250422E-01
  1.3728000000000000E+01, -7.6490285572383979E-02,  4.5099399590864669E-01
  1.3736000000000001E+01, -7.2969327255581709E-02,  4.1928679925725437E-01
  1.3744000000000000E+01, -6.9817989058012550E-02,  3.7789806563176992E-01
  1.3752000000000001E+01, -6.6794756208159778E-02,  3.7283648027319993E-01
  1.3760000000000000E+01, -6.4061816489507276E-02,  3.0593878133814700E-01
  1.3768000000000001E+01, -6.1680781694837046E-02,  3.0642310546325469E-01
  1.3776000000000000E+01, -5.9261865106641991E-02,  2.6970629851147965E-01
  1.3784000000000001E+01, -5.7659445282066686E-02,  1.4119438468450973E-01
  1.3792000000000000E+01, -5.6553736837063003E-02,  1.5781757368959473E-01
  1.3800000000000001E+01, -5.5091861858138844E-02,  2.0154305610058185E-01
  1.3808000000000000E+01, -5.3287926623365574E-02,  2.5676885848267289E-01
  1.3816000000000001E+01, -5.1083845953993588E-02,  2.7194433218587838E-01
  1.3824000000000000E+01, -4.9236671924389706E-02,  1.8849414948123089E-01
  1.3832000000000001E+01, -4.7876712566735959E-02,  1.6189365497320857E-01
  1.3840000000000000E+01, -4.6697624513494324E-02,  1.2149061521249566E-01
  1.3848000000000001E+01, -4.6013131821341674E-02,  5.5498592546564043E-02
  1.3856000000000000E+01, -4.5598924946648564E-02,  6.3090380161207993E-02
  1.3864000000000001E+01, -4.4875252606961069E-02,  1.1375104823451836E-01
  1.3872000000000000E+01, -4.4003131524513989E-02,  9.1003931739340654E-02
  1.3880000000000001E+01, -4.3368395490318359E-02,  8.5245557753316617E-02
  1.3888000000000000E+01, -4.2488863821271740E-02,  1.2396456775539898E-01
  1.3896000000000001E+01, -4.1667070833517887E-02,  7.8303190410728654E-02
  1.3904000000000000E+01, -4.0920409378779672E-02,  1.3209313181589186E-01
  1.3912000000000001E+01, -3.9593967485899835E-02,  1.7279055200561499E-01
  1.3920000000000000E+01, -3.8456157648656925E-02,  1.1619215095005025E-01
  1.3928000000000001E+01, -3.7519343519230267E-02,  1.2067503416486562E-01
  1.3936000000000000E+01, -3.6662704022952373E-02,  9.3016950353518757E-02
  1.3944000000000001E+01, -3.5688702024341698E-02,  1.7721668158041293E-01
  1.3952000000000000E+01, -3.3868150331785155E-02,  2.4371862560178592E-01
  1.3960000000000001E+01, -3.2283226236039665E-02,  1.4964286801463109E-01
  1.3968000000000000E+01, -3.1108244107381434E-02,  1.7041668965720905E-01
  1.3976000000000001E+01, -2.9441701216450115E-02,  2.3735955272373810E-01
  1.3984000000000000E+01, -2.7471131492545910E-02,  2.4845980250636626E-01
  1.3992000000000001E+01, -2.5542881115025909E-02,  2.3196278873536968E-01
  1.4000000000000000E+01, -2.3681606454329693E-02,  2.4129529844614420E-01
  1.4007999999999999E+01, -2.1709731310298085E-02,  2.3681845831161535E-01
  1.4016000000000000E+01, -2.0145556015704159E-02,  1.4866977977628337E-01
  1.4023999999999999E+01, -1.9248520039495086E-02,  8.2663008560225765E-02
  1.4032000000000000E+01, -1.8748481288140363E-02,  5.1766856398594387E-02
  1.4039999999999999E+01, -1.8101593802866800E-02,  1.3075958997858547E-01
  1.4048000000000000E+01, -1.6639054356939669E-02,  2.1511681504603131E-01
  1.4055999999999999E+01, -1.4948800606653677E-02,  2.0573589863438646E-01
  1.4064000000000000E+01, -1.3206173171633431E-02,  2.3337599446921492E-01
  1.4071999999999999E+01, -1.1359440862388328E-02,  2.1879741386629567E-01
  1.4080000000000000E+01, -9.6058071931818447E-03,  2.3655857885622689E-01
  1.4087999999999999E+01, -7.4843647773762262E-03,  2.8102082954008278E-01
  1.4096000000000000E+01, -5.3948260112333148E-03,  2.3248345435682188E-01
  1.4103999999999999E+01, -3.6816758369181087E-03,  2.0842327290405013E-01
  1.4112000000000000E+01, -1.8878187364333094E-03,  2.4623426794473902E-01
  1.4119999999999999E+01,  2.1181148886567907E-04,  2.6393902739602099E-01
  1.4128000000000000E+01,  2.0311862756810235E-03,  1.8090076822724846E-01
  1.4135999999999999E+01,  3.2637959841141035E-03,  1.4813177267970412E-01
  1.4144000000000000E+01,  4.5301290150780360E-03,  1.5842620526313958E-01
  1.4151999999999999E+01,  5.6308869567188264E-03,  1.1920462529840435E-01
  1.4160000000000000E+01,  6.5886715680259248E-03,  1.2174240608493918E-01
  1.4167999999999999E+01,  7.4320848722085869E-03,  8.5220993562160660E-02
  1.4176000000000000E+01,  8.2132467290804458E-03,  1.3324132524404675E-01
  1.4183999999999999E+01,  9.4935190905694536E-03,  1.5021793625188087E-01
  1.4192000000000000E+01,  1.0091383512344074E-02, -1.5314013413638139E-03
  1.4199999999999999E+01,  9.9222037061985797E-03, -1.2144459405287746E-02
  1.4208000000000000E+01,  9.9142592649262319E-03, -5.8950774384119321E-03
  1.4215999999999999E+01,  9.8196063982876752E-03,  3.4810845947062792E-03
  1.4224000000000000E+01,  1.0269911743310415E-02,  1.0679969814238525E-01
  1.4231999999999999E+01,  1.1188236343845500E-02,  9.8921334373115857E-02
  1.4240000000000000E+01,  1.1671358373588981E-02,  2.0297177745369682E-02
  1.4247999999999999E+01,  1.1512736589695502E-02, -5.8535341940999609E-02
  1.4256000000000000E+01,  1.0835309064350481E-02, -1.0102337016817199E-01
  1.4263999999999999E+01,  1.0015333045608692E-02, -1.0013181362427935E-01
  1.4272000000000000E+01,  9.2818716582871701E-03, -8.0444155567970854E-02
  1.4279999999999999E+01,  8.7361642310273754E-03, -5.6318073172699601E-02
  1.4288000000000000E+01,  8.4757522584981808E-03,  3.7976602953357554E-03
  1.4295999999999999E+01,  8.8765204224354934E-03,  8.3406258880413170E-02
  1.4304000000000000E+01,  9.4581780527573725E-03,  5.1936885201519914E-02
  1.4311999999999999E+01,  1.0010660476452665E-02,  1.2098282790050738E-01
  1.4320000000000000E+01,  1.1618316876804263E-02,  2.6385567383150604E-01
  1.4327999999999999E+01,  1.3822145562104119E-02,  2.7495598921626763E-01
  1.4336000000000000E+01,  1.6083909070345438E-02,  2.9443749106312794E-01
  1.4343999999999999E+01,  1.8376530815107740E-02,  2.6463834582697210E-01
  1.4352000000000000E+01,  2.0325467366828023E-02,  2.3597928953026670E-01
  1.4359999999999999E+01,  2.2251361922576686E-02,  2.3661889547732054E-01
  1.4368000000000000E+01,  2.3911059665106153E-02,  1.7409292884861599E-01
  1.4375999999999999E+01,  2.5104627873845306E-02,  1.2830429627345394E-01
  1.4384000000000000E+01,  2.5979789046901972E-02,  9.5960681259810832E-02
  1.4391999999999999E+01,  2.6876428443003947E-02,  1.4390527590745492E-01
  1.4400000000000000E+01,  2.8317294709338817E-02,  2.0619741315346773E-01
  1.4407999999999999E+01,  3.0042446342698873E-02,  2.2294771294105883E-01
  1.4416000000000000E+01,  3.1811561339507501E-02,  2.0786600392266438E-01
  1.4423999999999999E+01,  3.3259479631029557E-02,  1.6284835880601994E-01
  1.4432000000000000E+01,  3.4676055213403417E-02,  1.9496375908138180E-01
  1.4440000000000000E+01,  3.6038746331527906E-02,  1.1658917082443075E-01
  1.4448000000000000E+01,  3.6532435255820096E-02,  3.9397079310280116E-02
  1.4456000000000000E+01,  3.7186691976162714E-02,  1.3036016087321542E-01
  1.4464000000000000E+01,  3.8289211982560509E-02,  1.1940352637617298E-01
  1.4472000000000000E+01,  3.8952480167207558E-02,  5.0011080948950834E-02
  1.4480000000000000E+01,  3.9112519575404389E-02, -1.0856953135803414E-02
  1.4488000000000000E+01,  3.8913243536285454E-02, -1.9699968564482029E-02
  1.4496000000000000E+01,  3.9025259421157199E-02,  4.5282153352045475E-02
  1.4504000000000000E+01,  3.9376409958270533E-02,  2.5119438270077295E-02
  1.4512000000000000E+01,  3.9356059528674020E-02, -2.1994158050846657E-02
  1.4520000000000000E+01,  3.9224013312081675E-02, -1.9474886710918113E-04
  1.4528000000000000E+01,  3.9391188859335229E-02,  3.3993013184735001E-02
  1.4536000000000000E+01,  3.9590066926033840E-02,  1.2195803758361004E-02
  1.4544000000000000E+01,  3.9759274847856123E-02,  4.5614374186123977E-02
  1.4552000000000000E+01,  4.0296834109310273E-02,  6.8448256335068070E-02
  1.4560000000000000E+01,  4.0620508190553975E-02,  2.0950397581579745E-02
  1.4568000000000000E+01,  4.0997669163721516E-02,  8.6071699403674318E-02
  1.4576000000000001E+01,  4.1761281062344446E-02,  7.8265014881727796E-02
  1.4584000000000000E+01,  4.2181648100050123E-02,  4.7654319418314682E-02
  1.4592000000000001E+01,  4.2765917235060139E-02,  8.8954748285153706E-02
  1.4600000000000000E+01,  4.3234207303302769E-02,  1.3978903325751246E-02
  1.4608000000000001E+01,  4.3064846642878879E-02, -4.8522275781216054E-02
  1.4616000000000000E+01,  4.2328379709893157E-02, -1.5076393857667356E-01
  1.4624000000000001E+01,  4.0754047969587148E-02, -2.0988014104218858E-01
  1.4632000000000000E+01,  3.9496470815481452E-02, -9.3707116690743178E-02
  1.4640000000000001E+01,  3.9036955663469909E-02, -4.2704964995406755E-02
  1.4648000000000000E+01,  3.8642297074697705E-02, -5.6615791421231396E-02
  1.4656000000000001E+01,  3.8142969929634882E-02, -6.7713914916285950E-02
  1.4664000000000000E+01,  3.7584673506903428E-02, -7.1239645131568677E-02
  1.4672000000000001E+01,  3.6939210015012956E-02, -9.4948066414665466E-02
  1.4680000000000000E+01,  3.6150087097190149E-02, -8.6718558061059631E-02
  1.4688000000000001E+01,  3.5704398891871311E-02, -3.1780633439007139E-02
  1.4696000000000000E+01,  3.5384717332903048E-02, -5.7081857994230586E-02
  1.4704000000000001E+01,  3.4901735066171807E-02, -5.2306975579398118E-02
  1.4712000000000000E+01,  3.4502858375438816E-02, -6.2025454309494001E-02
  1.4720000000000001E+01,  3.3808169875372565E-02, -1.0260378948837345E-01
  1.4728000000000000E+01,  3.3046407447552821E-02, -8.5623566301781209E-02
  1.4736000000000001E+01,  3.2379929794423494E-02, -7.7844042133479438E-02
  1.4744000000000000E+01,  3.2024986028371269E-02,  1.0287742010972175E-03
  1.4752000000000001E+01,  3.2266656691059478E-02,  3.4987966479317775E-02
  1.4760000000000000E+01,  3.2306175038835927E-02, -2.4346935280965588E-02
  1.4768000000000001E+01,  3.2088939596242393E-02, -1.5948645841120889E-02
  1.4776000000000000E+01,  3.2120013745539869E-02,  1.7268169665672808E-02
  1.4784000000000001E+01,  3.2112009359876473E-02, -4.0299278730175705E-02
  1.4792000000000000E+01,  3.1308261511884580E-02, -1.4934683801283832E-01
  1.4800000000000001E+01,  3.0181072930520823E-02, -1.0489382605910878E-01
  1.4808000000000000E+01,  2.9699297749293339E-02, -3.0255759968034507E-02
  1.4816000000000001E+01,  2.9545546090609574E-02, -4.5732751249761491E-03
  1.4824000000000000E+01,  2.9641411319479487E-02,  1.3788057892095987E-02
  1.4832000000000001E+01,  2.9435638915401820E-02, -7.1508248717268241E-02
  1.4840000000000000E+01,  2.8748378125226137E-02, -8.1817928488735731E-02
  1.4848000000000001E+01,  2.8018344225667832E-02, -1.2709458237357843E-01
  1.4856000000000000E+01,  2.6557808869552623E-02, -2.1709087342057018E-01
  1.4864000000000001E+01,  2.5004536672653902E-02, -1.6200002860376567E-01
  1.4872000000000000E+01,  2.3699111217434024E-02, -1.8509219792343096E-01
  1.4880000000000001E+01,  2.2067888215490196E-02, -2.0526442135088910E-01
  1.4888000000000000E+01,  2.0491423901476770E-02, -2.0439063219429834E-01
  1.4896000000000001E+01,  1.8544722561983633E-02, -2.8005325888547344E-01
  1.4904000000000000E+01,  1.6369405448198034E-02, -2.3540270825897169E-01
  1.4912000000000001E+01,  1.5022883726702489E-02, -1.0199056179784771E-01
  1.4920000000000000E+01,  1.4545850294749063E-02, -3.5816529544205715E-02
  1.4928000000000001E+01,  1.4188641174305872E-02, -6.0754346439428945E-02
  1.4936000000000000E+01,  1.3642483990409985E-02, -6.6572486294481301E-02
  1.4944000000000001E+01,  1.3162614814742379E-02, -5.8155397818711291E-02
  1.4952000000000000E+01,  1.2657077778667140E-02, -6.8129243549661808E-02
  1.4960000000000001E+01,  1.1999547929783650E-02, -1.0916538320262392E-01
  1.4968000000000000E+01,  1.0778355444461840E-02, -1.8623545972105596E-01
  1.4976000000000001E+01,  9.4123903126425521E-03, -1.3674670976510320E-01
  1.4984000000000000E+01,  8.4304814717764669E-03, -1.3809087511146714E-01
  1.4992000000000001E+01,  7.0011679217132318E-03, -2.0203007762236511E-01
  1.5000000000000000E+01,  5.6211657864309178E-03, -1.3165989301426653E-01
  1.5007999999999999E+01,  4.7071412718746068E-03, -1.1547970189536194E-01
  1.5016000000000000E+01,  3.6884940012458893E-03, -1.3439712833812875E-01
  1.5023999999999999E+01,  2.5476227438492858E-03, -1.5837752312244568E-01
  1.5032000000000000E+01,  1.1197818793328759E-03, -1.9032113690237207E-01
  1.5039999999999999E+01, -3.4298097023421757E-04, -1.7220224679593921E-01
  1.5048000000000000E+01, -1.6357785057522004E-03, -1.4665502521748569E-01
  1.5055999999999999E+01, -2.5821440270068401E-03, -9.1122826451261643E-02
  1.5064000000000000E+01, -3.3241672008068510E-03, -1.1204769900117599E-01
  1.5071999999999999E+01, -4.4471754160509500E-03, -1.6126193654019799E-01
  1.5080000000000000E+01, -5.8257008887566087E-03, -1.8436952210344337E-01
  1.5087999999999999E+01, -7.3174404933320390E-03, -1.7196906005079776E-01
  1.5096000000000000E+01, -8.3755393964913983E-03, -1.0043218477339083E-01
  1.5103999999999999E+01, -9.3231514873494473E-03, -1.5531722023848435E-01
  1.5112000000000000E+01, -1.0676077469492508E-02, -1.5119528556603681E-01
  1.5119999999999999E+01, -1.1511585979410635E-02, -7.2903917255137354E-02
  1.5128000000000000E+01, -1.2209505770788125E-02, -1.0850410279323693E-01
  1.5135999999999999E+01, -1.3014283565629933E-02, -7.3423982941811586E-02
  1.5144000000000000E+01, -1.3309642970840158E-02, -6.2159674932312226E-03
  1.5151999999999999E+01, -1.3110554125802303E-02,  6.4738905275037506E-02
  1.5160000000000000E+01, -1.2186453712911020E-02,  1.6159751059242855E-01
  1.5167999999999999E+01, -1.0689470600617926E-02,  2.0439690371072855E-01
  1.5176000000000000E+01, -8.9565002691787965E-03,  2.2935852073949659E-01
  1.5183999999999999E+01, -7.0181955129670652E-03,  2.5376396275655011E-01
  1.5192000000000000E+01, -5.0006536813799055E-03,  2.3729226895761951E-01
  1.5199999999999999E+01, -3.4394137465523869E-03,  1.4775524151599634E-01
  1.5208000000000000E+01, -2.5455341132611603E-03,  8.3429608370295130E-02
  1.5215999999999999E+01, -2.1199676337292014E-03,  1.9716516564079575E-02
  1.5224000000000000E+01, -2.0001621196922116E-03,  4.3268138670969278E-02
  1.5231999999999999E+01, -1.0822280244842236E-03,  1.7373719156556358E-01
  1.5240000000000000E+01,  1.5865446938541719E-04,  1.0282453774332045E-01
  1.5247999999999999E+01,  6.3148355410022736E-04,  4.7692440409762268E-02
  1.5256000000000000E+01,  1.2354412932767723E-03,  9.6218948346770278E-02
  1.5263999999999999E+01,  1.9429043116076527E-03,  7.9300479279873312E-02
  1.5272000000000000E+01,  2.6769019337882101E-03,  1.1013066419749169E-01
  1.5279999999999999E+01,  3.5724621499015874E-03,  1.0413151685825563E-01
  1.5288000000000000E+01,  4.4485151664587176E-03,  1.3073032003931176E-01
  1.5295999999999999E+01,  5.6353114420888946E-03,  1.3941233592764637E-01
  1.5304000000000000E+01,  6.2028027380709302E-03, -9.6135728383957616E-03
  1.5311999999999999E+01,  5.6838728385659263E-03, -9.4499261196763509E-02
  1.5320000000000000E+01,  5.0318263512222584E-03, -5.4951307737488145E-02
  1.5327999999999999E+01,  4.8930898114116564E-03,  1.6376499275806054E-02
  1.5336000000000000E+01,  5.1216020596411890E-03,  3.1326720604115427E-02
  1.5343999999999999E+01,  5.4245985769118257E-03,  5.3557868488271973E-02
  1.5352000000000000E+01,  5.9805394441200792E-03,  7.2834081675547002E-02
  1.5359999999999999E+01,  6.4352188647475101E-03,  4.6436388747143252E-02
  1.5368000000000000E+01,  6.9601785684958069E-03,  9.1719931796131096E-02
  1.5375999999999999E+01,  7.7179115316040204E-03,  7.9961700966454788E-02
  1.5384000000000000E+01,  8.2311791361415129E-03,  6.5696205703620433E-02
  1.5391999999999999E+01,  8.9951915360160974E-03,  1.2508707752590725E-01
  1.5400000000000000E+01,  1.0122633138187070E-02,  1.5526401498424200E-01
  1.5407999999999999E+01,  1.1554388048126786E-02,  2.0309532803114325E-01
  1.5416000000000000E+01,  1.3204395568580695E-02,  1.9656451187881677E-01
  1.5423999999999999E+01,  1.4691809298760041E-02,  1.8611619476541202E-01
  1.5432000000000000E+01,  1.6298200459790222E-02,  2.1220423877084799E-01
  1.5440000000000000E+01,  1.7934946375205010E-02,  1.8786951126629930E-01
  1.5448000000000000E+01,  1.9233076179747920E-02,  1.3795154253400976E-01
  1.5456000000000000E+01,  2.0314471503660704E-02,  1.5189677274800406E-01
  1.5464000000000000E+01,  2.1865411898157754E-02,  2.2809785052446854E-01
  1.5472000000000000E+01,  2.3556084561908198E-02,  1.7120919081253805E-01
  1.5480000000000000E+01,  2.4652482081395321E-02,  1.2634738876403837E-01
  1.5488000000000000E+01,  2.5785139604658735E-02,  1.4841441371170122E-01
  1.5496000000000000E+01,  2.6874534379743405E-02,  1.3383297195172170E-01
  1.5504000000000000E+01,  2.8338773046761353E-02,  2.4975867679006888E-01
  1.5512000000000000E+01,  3.0688974106217327E-02,  3.1072722254596979E-01
  1.5520000000000000E+01,  3.3149992487690662E-02,  3.1555758563598846E-01
  1.5528000000000000E+01,  3.5832618840569333E-02,  3.4088921105536157E-01
  1.5536000000000000E+01,  3.8288847623964326E-02,  2.7061029373073264E-01
  1.5544000000000000E+01,  4.0486026791823150E-02,  3.0095188615896723E-01
  1.5552000000000000E+01,  4.3044258930250268E-02,  3.1289889747180982E-01
  1.5560000000000000E+01,  4.5221504658114316E-02,  2.3784608579669406E-01
  1.5568000000000000E+01,  4.7181012035564560E-02,  2.6996233870369424E-01
  1.5576000000000001E+01,  4.9569556242266846E-02,  3.1565427719227684E-01
  1.5584000000000000E+01,  5.2000986148868326E-02,  2.8127602831642629E-01
  1.5592000000000001E+01,  5.4068861554421227E-02,  2.4803044834201721E-01
  1.5600000000000000E+01,  5.6217507946513985E-02,  2.9627745639579717E-01
  1.5608000000000001E+01,  5.8672597270117227E-02,  3.0043814105087518E-01
  1.5616000000000000E+01,  6.0855365867447400E-02,  2.4269286149880831E-01
  1.5624000000000001E+01,  6.2498698980572726E-02,  1.6203971071615311E-01
  1.5632000000000000E+01,  6.3520231790898302E-02,  1.1577844850572082E-01
  1.5640000000000001E+01,  6.4756584147438012E-02,  2.0051467143918139E-01
  1.5648000000000000E+01,  6.6408056713989277E-02,  1.8287522778610096E-01
  1.5656000000000001E+01,  6.7557216082304486E-02,  1.1946688755820030E-01
  1.5664000000000000E+01,  6.8501372121466508E-02,  1.0997229466732784E-01
  1.5672000000000001E+01,  6.9108672773004712E-02,  4.0942392309831599E-02
  1.5680000000000000E+01,  6.9411046481310024E-02,  5.2068879032094326E-02
  1.5688000000000001E+01,  6.9946913880620673E-02,  6.9179498514116991E-02
  1.5696000000000000E+01,  7.0394851191521363E-02,  4.4783632257759956E-02
  1.5704000000000001E+01,  7.0708272574513079E-02,  3.1705808499485573E-02
  1.5712000000000000E+01,  7.0854549740158076E-02,  4.1059444640211273E-03
  1.5720000000000001E+01,  7.0711227338480453E-02, -5.1374366948522578E-02
  1.5728000000000000E+01,  6.9891010605958204E-02, -1.4594380253794753E-01
  1.5736000000000001E+01,  6.8814317520789273E-02, -9.2078227552618450E-02
  1.5744000000000000E+01,  6.8587911284656952E-02,  2.6081164931700075E-02
  1.5752000000000001E+01,  6.9088579143633200E-02,  9.8937195155618635E-02
  1.5760000000000000E+01,  7.0141513116515827E-02,  1.5187516686434402E-01
  1.5768000000000001E+01,  7.1324928842215099E-02,  1.4874374182869193E-01
  1.5776000000000000E+01,  7.2869494279697411E-02,  2.5430314141898996E-01
  1.5784000000000001E+01,  7.5154330547248932E-02,  2.7773787074989065E-01
  1.5792000000000000E+01,  7.6928938360898064E-02,  1.7456575285906850E-01
  1.5800000000000001E+01,  7.8353227065503975E-02,  1.9857791242954148E-01
  1.5808000000000000E+01,  8.0024189263902659E-02,  2.0382657737227597E-01
  1.5816000000000001E+01,  8.1535174676280159E-02,  1.8034065904965638E-01
  1.5824000000000000E+01,  8.2996821254568379E-02,  1.8404105983476415E-01
  1.5832000000000001E+01,  8.4413227811220723E-02,  1.6684874727812285E-01
  1.5840000000000000E+01,  8.5645810615670726E-02,  1.4151649200095989E-01
  1.5848000000000001E+01,  8.6730356852301502E-02,  1.3585212197733160E-01
  1.5856000000000000E+01,  8.7886095364698269E-02,  1.5301237719137276E-01
  1.5864000000000001E+01,  8.9202270179156107E-02,  1.8425721984498608E-01
  1.5872000000000000E+01,  9.0981015745221952E-02,  2.5918654831602683E-01
  1.5880000000000001E+01,  9.3092633840799119E-02,  2.5030755194538901E-01
  1.5888000000000000E+01,  9.4963159490129581E-02,  2.2897405719278768E-01
  1.5896000000000001E+01,  9.6721689456073415E-02,  1.8521929579349536E-01
  1.5904000000000000E+01,  9.7544346915641497E-02,  2.5327683691077713E-02
  1.5912000000000001E+01,  9.7725053377760704E-02,  6.1745548535153780E-02
  1.5920000000000000E+01,  9.8650167759071983E-02,  1.4464736955107818E-01
  1.5928000000000001E+01,  9.9699871758694450E-02,  1.1720681488484178E-01
  1.5936000000000000E+01,  1.0064381614060917E-01,  1.1588328064542121E-01
  1.5944000000000001E+01,  1.0133273997972604E-01,  4.8201933361988865E-02
  1.5952000000000000E+01,  1.0157736906262969E-01,  3.0633667338466199E-02
  1.5960000000000001E+01,  1.0188425620316649E-01,  3.6006338218150316E-02
  1.5968000000000000E+01,  1.0207122762774085E-01,  1.9047789087226211E-02
  1.5976000000000001E+01,  1.0239090791848522E-01,  6.6662340808913548E-02
  1.5984000000000000E+01,  1.0309213297144225E-01,  1.0422331143055595E-01
  1.5992000000000001E+01,  1.0403633082704554E-01,  1.3007156571664333E-01
  1.6000000000000000E+01,  1.0511105209716110E-01,  1.3715746738682971E-01
